user_id,rating,title,review
498613,4.5,"最後に語られる""フレンドシップ(友情)""の深い意味","ヨーロッパ歴訪の過密スケジュールに辟易した某国王女アンが、こっそりとローマの街へ飛び出して、新聞記者のジョーと恋に落ちる。宮殿で主治医から投与された鎮静剤が効いてきて街角で寝こけてしまったアンを、偶然ジョーが助けたのが馴れ初めだが、当然、真実を隠したいアンと、彼女が王女と知って特ダネにしたいジョーは、互いに身分を偽ったままローマを探訪するうちに、気がつくと惹かれ合っていたというわけだ。かなり強引な展開だが、観客は少しも不自然さを感じない。ウィリアム・ワイラーの流麗な演出と、モノクロ画面に映し出されるローマの風景と、何よりも、王女の心の変化を自然体で演じるオードリー・ヘプバーンの瑞々しさが物語を引っ張っていってくれるからだ。しかし、脚本の妙こそが称えられるべきかもしれない。製作当時、ハリウッドに吹き荒れた""赤狩り""の煽りを受けて、仕事を干されたドルトン・トランボが、、本名を隠して綴った「ローマの休日」の脚本には、同じ仲間でありながら分断された映画人の心の叫びが、永遠の友情を密かに誓い合うアンとジョーを通して浮かび上がってくるからだ。終幕間際まで上質のラブロマンスとして推移する映画が、""フレンドシップ(友情)""という言葉で締め括られることの意味を、再見の際には是非感じ取って頂きたい。"
1221593,5.0,アービング、空気読んでくれてありがとう,劇場で観るのは初めてでしたが、やはり胸がいっぱいになる素晴らしい作品。真実の口、ダンスパーティでの大乱闘、そして車内での最後の別れ、この３つがとりわけ名シーンだと思います。秘密を守り抜いたブラッドレーにグッとくるし、王女としての責務を果たすため、自分を律してロマンスから立ち去るアン王女も素敵。それにしても、先日「ティファニーで朝食を」を観たばかりですが、比べると本作のオードリーは凛としたしなやかな女性と無垢であどけない少女、どちらの顔も持っていて相変わらず魅了されました。
956100,5.0,劇場での鑑賞は約40年ぶりになります とても思い出の深い作品なので...,劇場での鑑賞は約40年ぶりになりますとても思い出の深い作品なのでまたスクリーンで観れてとても嬉しいですやはり素敵な作品ですね今回、4Kレストア版(吹替版)の上映を鑑賞させていただきましたとてもよかったです
927905,4.5,名作と呼ばれるに相応しい！！,初っ端の、｢thank you♡｣と一人一人にご挨拶をするシーンでもう既に心奪われる。｢足痛、脱いじゃお｣｢やべ、履けない、やべ｣とあせあせするオードリーヘップバーンが超絶お茶目でかわいい。はじめて街にくりだす女王様、おめめキラキラで無敵でなんと美しいこと！！散髪したてのシーン、こんなに似合うか！？てくらい似合ってるよね！？ただの身分違いの恋物語かと勝手に思ってたけど、男は新聞記者でスクープを狙っているというハラハラ要素もあって、ぜんっぜん飽きません！ギターでスーツの男をボコボコにするシーンは声出して笑った！笑あんなに楽しい時間を過ごしていたのに、きちんと公務に自分から戻るのが偉いしかっこよかった...！｢責任のある立場だということをお分かりですか？｣と詰められたときに、｢分かっています。でなければ私はここに戻ってこなかった。｣と凛とした表情で言うシーン(ちょっと詳細な記憶曖昧ですが)印象的でした。最後の記者会見のとき、オードリーヘップバーンのなんとも言えない表情が絶妙だった...！また会えたという気持ちと、新聞記者だったということを知った気持ち...。複雑な表情がうまかった...！｢ローマご滞在中の記念に｣と写真を渡すの粋だったな〜！あの男の人も、散々振り回されたのに...良い奴だったな...！ライターのカメラもね！
1223608,4.0,身分を隠した一抹の恋路,オードリー・ヘプバーンのドキュメンタリーみたので、未鑑賞のものを。不朽の名作ですね～彼女のドレス姿が美しいこともさることながら、身分を隠した一抹の恋路なんて最高じゃないですか。ローマの休日の「真実」。ジョーは真実を記事にせず、二人だけの秘密にする。これは彼とアン王女の絆である。彼らは二度と交わることはないかもしれない。けれど思い出は何度も蘇り、絆は決して断たれない。
1195429,5.0,オードリーの美しいこと,監督はフルカラーで撮りたかったそうですが、白黒ならではの趣のある映画だと思います。オードリー・ヘップバーンの美しいこと。男性的で清潔な印象のグレゴリー・ペックとも相性が良くて素晴らしい。ローマの休日は大好きな映画で、DVDも持ってるし何度も見ているのですが、字幕版ばかりで今回初めて吹き替え版をじっくり見て、吹き替えもいいものだと思いました。特に、広川太一郎さんの美容師マルコが素敵で印象的でした。そうそう、この人はこういう吹き替えをやる人だったなと懐かしく思い出しました。この軽妙な吹き替えで、マルコが、よりチャーミングな人物になっています。名作は、何十年経過しても色あせないのだと、深く感じた映画でした。
1216295,4.5,凛とした美しさの極み,スクリーンでもテレビでも何度も観ているが、全く飽きを感じず、今回は4Kリストア版を鑑賞。グレゴリー・ペックの紳士然とした魅力もあるが、オードリーの可愛らしさは時代が変わっても群を抜いている。バレエをやっていたから立ち姿が美しく、スクリーンに釘付けだった。
883722,5.0,素晴らしい,恥ずかしながら見たことなかった。オードリーかわいいなぁと思って気になっていたが。映画館でこれを見てよかった。かわいいなんてもんじゃなかった。ほんと美しい。自由に生きられない王女のたったの1日のお休み。光り輝き、そしてまた一段強くなった王女はきっと素敵な王女になったことだろう。ローマには行ったことあるので、映像も懐かしく嬉しく、ストーリーもまったく飽きが来ず、人間の温かさも感じる、素敵な作品でした。
1175460,5.0,ロマンチックホリデー,テレビで放送されているのは何度か見ました。だから勿論知ってます。でも劇場で見るのは初めてです。だからワクワク。さあ始まりました。大きなスクリーンにオードリーの魅力が溢れました。70年前に作られたとは思えないような新鮮さに改めて感動です。高校時代の古典の授業の時に先生が言った一言が蘇りました。「古典は常に新しい」その時は何も理解せず聞いていた言葉でしたが、今日この作品を見ていて何となく分かったような気がしました。古い作品でも良い物は良い。だから後世に残り、いつまでも色褪せないのですよね。オードリー・ヘプバーン。やっぱり素敵でした
1218829,5.0,映画評論家、淀川長治氏の解説付きの「ローマの休日」,ローマの休日 4Kレストア 日本語吹替版神戸三宮にある映画館 kino cinéma(キノシネマ)神戸国際にて鑑賞2024年4月9日(火)「ローマの休日 4Kレストア 日本語吹替版」においては、本編の前後に「日曜洋画劇場」でおなじみの映画評論家、淀川長治氏による解説映像を付属しており、劇場のスクリーンに懐かしのテレビ朝日系列「日曜洋画劇場」が再現されている。淀川長治(1909年（明治42年）4月10日-1998年（平成10年）) はテレビ朝日系列「日曜洋画劇場」で、1998年までの約32年間にわたり映画のすばらしさを伝えてきた人物。黒縁メガネを愛用し太いまゆ毛を上下にうごかしながらのあの解説と「さよなら、さよなら、さよなら」と述べて終わるという独自スタイルによって「さよならおじさん」「ヨドチョーさん」と呼ばれた。------------------------本編監督　ウィリアム・ワイラーアン王女（オードリー・ヘプバーン）ジョー・ブラドリー（グレゴリー・ペック）アービング・ラドビッチ（エディ・アルバート）ヨーロッパ最古の王室の王位継承者、アン王女（オードリー・ヘプバーン）は、欧州親善旅行でロンドン、パリなど各地を来訪。ローマでは、駐在大使主催の歓迎舞踏会に出席する。強行軍にもかかわらず、元気に任務をこなしていた王女だが、内心では分刻みのスケジュールと、用意されたスピーチを披露するだけのセレモニーにいささかうんざり気味。就寝の時間になると、侍従たちを前に軽いヒステリーを起こしてしまう。------------------------主治医に鎮静剤を注射され、気が高ぶっているため寝つけない。ふと思いついた彼女は、宿舎である宮殿をひそかに脱出する。夜のローマをぶらぶら歩いていた彼女は、鎮静剤が効いてきて、道ばたのベンチに身体をぐったりと横たえる。そこを偶然通りかかったのが、アメリカ人の新聞記者ジョー・ブラドリー（グレゴリー・ペック）。若い娘がベンチに寝ているのを見て、何とか家に帰そうとするが、アンの意識は朦朧としていて埒があかない。彼女をそのまま放っておくこともできず、ジョーはアンを自分のアパートへ連れて帰り、一晩の宿を提供する。------------------------翌朝、うっかり寝過ごしたジョーは、まだ眠っているアンを部屋に残したまま、新聞社へ向かう。支局長から「アン王女は急病で、記者会見は中止」と聞いたジョーは、そこではじめて昨晩の娘の正体が、実はアン王女だったことに気づく。王女には自分が彼女の身分を知ったことを明かさず、ローマの街を連れ歩いて、その行動を記事にできたら大スクープになる！ ふってわいたチャンスに色めき立ったジョーは、アン王女の特ダネを取った場合の破格のボーナスを支局長に約束させる。------------------------目を覚ましたアン王女は、思いがけない事態に驚くが、同時にワクワクするような気分も感じていた。アパートを出た後も、せっかく手に入れた自由をすぐに捨て去るには忍びず、街をのんびりと散策。ジョーに借りたお金で、かわいいサンダルを買ったり、ヘアサロンに飛び込んで長い髪をショートにしたりと、ごくふつうの女の子のように楽しい時間を満喫する。アンがスペイン広場でジェラートを食べていると、彼女の後を追ってきたジョーに声をかけられる。偶然の再会を装う彼の「思いきって１日楽しんだら？」という声に押され、アンは宮殿に戻るのを夜までのばすことに決める。------------------------スクープに必要な証拠写真をおさえるため、ジョーは同僚のカメラマン、アービング・ラドビッチ（エディ・アルバート）も誘って、アンにローマ案内を買って出る。オープンカフェでは初めてのタバコを試し、２人乗りしたスクーターで街中を疾走。「真実の口」や、「祈りの壁」など名所の数々も訪れた。夜は、サンタンジェロの船上パーティーに参加するが、その会場にはついにアン王女を捜しにきた情報部員たちが現れる。アンとジョーは情報部員相手に大乱闘を繰り広げた後、一緒に川へ飛び込んで追手の目を逃れる。------------------------つかの間の自由と興奮を味わううちに、いつの間にかアンとジョーの間には強い恋心が生まれていた。川からあがったふたりは、抱き合って熱いキスを交わす。お互いへの本当の想いを口に出せないまま、アンは祖国と王室への義務を果たすために宮殿へ戻り、ジョーは彼女との思い出を決して記事にはしないと決意する。------------------------その翌日宮殿ではアン王女の記者会見が開かれる。アービングは撮影した写真がすべて入った封筒を、王女にそっと渡す。次はジョーと見つめあうアン。「ローマは永遠に忘れ得ぬ街となるでしょう」笑顔とともに振り向いたアン王女の瞳には涙がたまっていた。感想「モノクロ映画」である。がしかしまったく気になることがなかった。アン王女のスタイルの良さといったら。ウエストがキュっと閉まっていてなんと美しいことかと。
1270928,5.0,色褪せない名作,何度も見てるが飽きない白黒なのに飽きない
919356,4.5,オードリー·ヘップバーン,めちゃくちゃ可愛いですね!ブラッドリーの優しさは、素晴らしい。写真を渡したのは、ファインプレー。やっぱ、カラーで観たかった。
1190347,4.5,妖精降臨‼️,これを観ずして恋愛映画を語るべからずとも言える名作‼️親善旅行の最中、窮屈な毎日からローマの町に逃げ出してきたアン王女が、新聞記者のジョーと共に忘れられない一日を過ごす‼️叶わぬ恋の物語なのですが、この作品はほぼ完璧と言っていいほどハッピーエンド‼️世間知らずのお姫様の一大成長物語‼️見せ場はやはり、二人が過ごした一日‼️まるごと全部最高のデート場面‼️アイスクリームの食べ歩き、バイクのふたり乗り、「真実の口」や夜のダンス・パーティなど、徐々に惹かれ合っていく二人の姿にキュンときてしまう‼️この一歩間違えるとかなり嫌味になる役を、オードリーはふわふわと妖精のごとく演じていてホントに見事‼️お互いに素知らぬ振りをしながら、視線だけで別れを告げるラストシーン‼️切ないです‼️そして究極の名セリフ‼️「どこが一番お気に召しましたか？」「ローマです」‼️ホントに素晴らしい‼️
505505,4.0,最高にキュートでほろ苦いラブストーリー。,最高にオードリー・ヘプバーンがキュート…！！過去に1回観たことがあったんだけど、この度サブスクで再鑑賞。アン王女が真実の口でジョーに騙されて怒るシーンとか、ダンスパーティー会場で暴れるシーンとか可愛すぎて思わず巻き戻して何回か観ちゃった。王女様がベスパで街中を疾走する（そして警察に捕まる）シーンもキュート。あとはラストの会見のやり取りも好き。アン王女とジョーがお互い正体を明かしての対面はあそこが初めてだから、会見の体を取りながら「秘密は守るよ」と約束するとこがにくい。アービングが写真渡すとこも好き。あんなの最高のローマの思い出だよね（側近の人が見たらぶっ倒れるだろうけど）。あと冒頭、公務に駄々をこねてベッドで泣き叫ぶアン王女は少女のような表情だったのに、自分の意思で宮殿に戻ってからは大人の女性の顔になってるのがとても印象的だった。恋をして、別れの辛さを知って、それでも自分の役割を全うしようとする凛々しく大人の女性の顔。ここも良かったー！必見。
1264605,3.0,つかの間の淡い恋,切ない感じがいい。
568711,4.0,大好きな映画です。,サブスクでの久々の鑑賞です！昔から好きな映画ですが、もうとにかくオードリーが可愛い！　素敵な夢物語なのですが、再見したらオードリーが街に抜け出すまで結構長い！TV放映だと前半がカットが多いせいか、ローマを周るシーンが短く感じました。あと、自分の義務を理解して戻って行くオードリーと、もしかしたら戻って来てくれるかもしれないと未練タラタラなグレゴリーペック！　姿が消えても車の中で待つ、アパートで徹夜で待つ、仕事と言いつつ最後の記者会見に行く、会見が終わっても最後まで残り、最後もオードリーが去った扉を一瞥してしまう…男の方がロマンティストなのかもしれませんね？
499843,4.5,憧れのローマ、1日の休日,何度もリバイバルされていたので、映画館で見たのは初めてではないが、何度見てもよくできてて感心する。アン女王は世間知らずだが腹が立つほどではない。ジョーは利用しようとするが、紳士のままだ。何度見てもベッドを変えさせられるシーンは面白い。二人は魅力的で見てて飽きない。しかも切ない。全部詰まってる。
868317,5.0,オードリーが世界を魅了した瞬間,名前くらいは観たことある人は沢山いるでしょうが実際に映画館で観たことのある人は昨今は少ないかもしれません。第二次世界大戦が収束してほぼ10年になる頃、ヨーロッパで一番古い王室の若きアン王女はヨーロッパ各地を表敬訪問する中、いくつ目かの国ローマに到着し、歓迎の舞踏会に出席するところからお話は始まります。毎日分刻みのスケジュールに追われてすっかりやる気の無いアン王女は、注目の集まる中とんでもないことをヤラカシてしまうのですが…。この始まりのコミカルなこと！！楽しい楽しい！！モノクロ映画なのに、オードリーの笑顔のアップ一発で色の無いことなんか忘れさせてしまうそのオーラの鮮やかさ！オードリーが世界を魅了した瞬間！！古い映画だからダルいかも？なんて思ってるそこのあなた！！いますぐ上映中の映画館へ行きなさい！！この映画を観て無いなんて、人生の損失です！！で、月に8回ほど映画館で映画を観る中途半端な映画好きとしてはいつもお話しを参考にしている映画評論家の町山智浩氏の情報の受け売りですが「ローマの休日」のヒロイン、アン王女は何のためにヨーロッパを歴訪しているのか？ローマの休日が作られたのは1953年。第二次世界大戦が終わって10年になろうかと言う頃。戦争で傷付いたヨーロッパ各国は戦争を乗り越え結束を高めようとしていた時期です。そのために、若くて美しいお姫様が各国を訪問することで相互に理解を深めようとしたのです。映画内の架空の設定ですが実際にヨーロッパではその様な機運があった時代です。映画の中の若くてまだ子供っぽいアン王女はその大事な役目がしっかりと理解できていなかった。そんなお姫様の成長の過程を丁寧にコミカルに描くことで最後に大きな感動が押し寄せる。記者会見のシーンの見事なこと。ラストのラスト、ある人物が溢れる思いを込めて長い長い宮殿の回廊を歩く姿は何度観ても涙してしまいます。今回の4Kレストア版の公開タイミングで新しい声優さんによる日本語吹き替え版が公開されて初めて観る方が増えているそうで、この映画を生涯ベストに入れてる私は嬉しい事この上なしです。もう何回この映画を観たのか覚えていないくらいですが2019年に「ローマの休日 製作50周年記念デジタル・ニューマスター版」を、久しぶりの劇場鑑賞後に投稿した記事が今回の4Kレストア版の公開タイミングで丸っと無くなってたので、再投稿しておきます。
1216813,5.0,歴史的建造物とレトロでオシャレなクルマに興奮,「1954年に日本公開。2003年には製作50周年記念デジタル・ニューマスター版でリバイバル公開。2023年には製作70周年を記念した4Kレストア版が公開」というのは凄い。Ｈuluにて視聴。背景の豪華さとアン王女の言動の面白に夢中になれた。ラストのあと、ふたたび最初から観たくなったから満点評価。登場する人物みんな表情も豊かで動きも違和感なく、カメラアングルもBGMも完璧。余談だがカラー版がニコ二コ動画にあるようだ。その件に関しては詳細不明。
1261637,4.0,ヘップバーン好きです。,久しぶりに見ました！可愛いオードリーも大好きなんですけど、最近は別れを描くストーリーのところに寄って見ていました。そしたら、最後のところすごく泣けてしまいました。人との別れってなんでこんなに悲しいんだろう。こんなふうに綺麗に現実を飲み込んで生きていくの大変だなと思いませんか。この映画から学んだことと言えば、対人において抱いた愛とか情とかは無くなる事はなく、形を変えてそのままあり続けるので、とりあえず美しい思い出にしておくことが自分の心に優しいよ、と言うことです。オードリーヘプバーン綺麗可愛いのだけど、男性の方、かなり歳の差があるように見える。昔のロマンス映画って、女性はすごく可愛らしいのに男性の方がダンディすぎるの、なんでだろう？？何はともあれ大好きオードリーヘップバーン。
1254000,3.0,いい映画,窮屈な暮らしにうんざりした王女様をスクープを狙う記者がローマに連れ出し1日限りのデートをする話　王女様のかわいらしさ全開で、慣れない平民の暮らしにワクワクする様子がほんとに良かったです　また、フィルム全体を通じて動きを使った笑いのようなものが取り入れられていて、現代の映画にはあまり見られないので新鮮だと思いながら見てました　ストーリーの構成はあまりよくなく、これ必要？みたいなシーンがあるものの、1日限りの恋を儚く描いたストーリーは面白く、胸を締め付けられ、いい映画だったって感想になりました　あと、主演二人が美形で並ぶとめっちゃいい絵になってました
1253270,5.0,最後の台詞が印象に残る,笑えて少し泣ける名作。窮屈な王族としての暮らしに嫌気の差しているアン王女が、滞在中の公邸を抜け出してローマにおける一般庶民の生活を体験する。美容院に行くとか買い物をするといった、一般人にとっては日常となっている行動が、アン王女の視点からはとても新鮮で楽しい体験になる。アン王女の正体を知った新聞記者ジョー・ブラッドレーが、新聞のネタにしようと打算で彼女に接近し、ローマの市街を観光案内する。映画を通じてアン王女の気持ちを共有することができて、観ている側も楽しい気持ちになれる。王女の身分にあることを隠すアン王女と、彼女の正体をあくまで知らない体でいるジョー。映画後半で、２人がラジオで流れてくるアン王女に関するニュースを聞いて、気まずいような、何とも言えない沈黙のシーンがある。この段階ではもうアン王女は自分の正体がジョーにバレているのを察しているが、互いにアン王女の正体について触れることは無い。それは、互いに２人で過ごす時間を大切に思っているからこそ沈黙を通していると感じられて、男女の機微の描き方が秀逸だと感じた。ラストシーンのアン王女の台詞は印象的だ。記者会見に登壇するアン王女は、新聞記者からの「イタリアに滞在中、最も印象に残った都市はどこか」と質問を受ける。彼女は予定されていた紋切り型の台詞を言いかけるが、唐突に「ローマです。ここで過ごした時間は一生忘れません。」と答える。王族として外交を意識した無難な言葉を言うよりも、本音を話す彼女の姿に感動する。ローマで思い残すことは無いほど遊び尽くした彼女は、どこか吹っ切れたようで、堂々としていて、一段と成長しているように見えた。
237673,5.0,【”報道陣の好きな都市を問う質問に王女は”何と言ってもローマです。”と束の間の恋に落ちた記者の目を見て言った。”今作は”世にこんな綺麗な人が居るんだ！”と驚いた、粋なラブコメディの金字塔映画である。】,ー　「ローマの休日」は、万民が愛する映画であるが、(フライヤーには、”3世代が恋をする最高のラブストーリー”と言う惹句がある。）オードリー・ヘプバーンの映画初出演とは思えない王女としての気品ある抑制した演技と、アーニャ・スミスと名乗って自由奔放に知らなかった自由な世界を満喫する満面の笑顔を浮かべ、嬉しそうに新聞記者ジョー・ブラッドレー（グレゴリー・ペック）と過ごすシーンの演技のギャップが素晴しい作品である。　　そして、ウィリアム・ワイラー監督の、細部まで拘ったコミカルな演出も、作品に華を添えている。ー■今更ながらの好きなシーン＜Caution!内容に触れています。＞１．ヨーロッパの某国のアン王女（オードリー・ヘプバーン）が、親善旅行でローマに来た時に、余りの過密スケジュールにヒステリーを起こし、医師から鎮静剤を打たれるがそのままフラフラと夜の街に出て行き、道路脇で寝ている所をブラッドレーに助けられ、結局彼の部屋に行くシーン。ー　ブラッドレーは、メンドクサソウニ”彼女”を自室に招き入れ”長椅子で寝て。”と言って、自身は珈琲を飲みに出掛けるが、帰宅すると”彼女”はブラッドレーのベッドに寝ていて、彼は”彼女”をベッドから長椅子に転がす様に寝かせるシーン。　　そして、翌朝新聞の一面を見たブラッドレーが、何度も新聞に載っている王女の顔と長椅子で寝ている”彼女”の顔を見比べて、慌てて自分のベッドに寝かし直すシーン。－２．アン王女が”アーニャ”と名乗り、ブラッドレーはアン王女と知りつつ特ダネを取るために彼女を町に連れ出すシーンが、今作の魅力を増している事はご存じの通りである。　・アン王女は、ブラッドレーの部屋を抜け出し、”自由な気分になるためか”町の理容室でロングヘアーをバッサリショート（ヘプバーンカットと呼ばれた）にするシーン。理容師のマリオが彼女の髪を切る度に”オフ！オフ！”と言う姿も可笑しい。　・アン王女は”スペイン広場”でジェラートを食べていると、ブラッドレーと再び出会い(彼は王女を探していた。）煙草を吸い、彼の有名なスクーターでブラッドレーと二人乗りで危なっかしく走り回るシーン。　・そして、ローマ市内の観光地を巡る二人。特にコレマタ彼の有名な”真実の口”に手を入れたブラッドレーが”うわ！”と言って手首から先を背広の袖に隠してアン王女に見せ、彼女が悲鳴の声を上げ、それが彼の悪戯と分かった時にジョーを叩く姿。ー　ご存じのように、このシーンはグレゴリー・ペックのアドリブであったとされている。人によっては、ウィリアム・ワイラー監督も知っていたと言うが、名シーンである。　　そして、このシーン以降、アン王女とブラッドレーの気持ちが近づいて行くのである。－　・夜の船上パーティーに、某国の政府筋の男達がアン王女を戻すために乗り込んで来るが、アン王女とブラッドレー、そして彼の仲間のカメラマンで特ダネを撮るためにブラッドレーが雇ったアーヴィング（エディ・アルバート）が彼らを撃退するが、ブラッドレーは殴られた故に川に落ち、彼を追ってアン王女も追って川に飛び込む。ー　そして、対岸に辿り着いた二人はびしょ濡れの中、キスを交わすのである。－３．翌日、アーヴィングが特ダネ写真を持ってブラッドレーのアパートに来るが、ブラッドレーはとぼけて、彼から写真を取り上げて追い返すのである。ー　ブラッドレーが、特ダネ写真が世に流れた時のアン王女の事を考え行った事であるが、描かれた方が可笑しいのである。　　そして、彼の言動を察したアーヴィングが特ダネ写真を彼と見ながら、一枚一枚のアン王女が映った写真にタイトルを付けるシーンも良い。個人的にはアン王女が某国の政府筋の男の頭をギターで叩いている時の写真が好きである。－４．そして、アン王女が大勢の記者の前でインタビューを受けるシーン。彼女の態度はアーニャ・スミスと名乗って自由を満喫していた時の表情とは違い、自身の役割を受けとめ王女として受け答えをするシーンも素晴らしい。　　アン王女に対し、記者から”この親善旅行でどこの都市が良かったですか。”と言う問いに対し、最初は”どこも・・、”と言いかけるが最前列に居たブラッドレーの微笑みの視線に気づいた彼女は””何と言ってもローマです。”と言い直すのである。＜今作は、いつ見ても鑑賞後の気分がとても佳い、身分違いの男女の、粋なラブコメディの金字塔映画である。＞＜遥か昔、TVで両親と鑑賞。＞＜２０２３年８月２７日　製作７０周年記念ロードショーで、４Kレストア版を映画館で鑑賞。＞＜２０２４年１月１日　　別媒体にて再鑑賞。＞
1251688,3.0,う・美しい・・・,3点。この映画のオードリーはこの世のものとは思えないほど美しく、かわいい。古いこともあって内容的にはあまり面白いとは思えない。時間も短く、ある意味オードリーのプロモーションビデオのような印象も受ける。でもそれでも名作映画として名を残せるくらい、彼女にはあるということなのでしょう。
896502,4.5,初めて観たが、古さをあまり感じなかった。正に歴史的傑作だと感じた。,初めて観たが、古さをあまり感じなかった。正に歴史的傑作だと感じた。
994510,4.5,彼女は料理が得意だと言い張るが、彼女が料理を作ったところを一度も見たことがない。,レストア版。王女が公務に疲れて自由な生活に憧れるというありがちな話。街で出会った男とデートをする。良い点・ストーリー。感動的。・コメディのバランス悪い点・他人の家の家電を一撃でとめることができる
835894,5.0,おそらく人生でいちばん多く見た映画かと,久しぶりに大きなスクリーンで見たが、まあ、今さら何をいう事があろうか。見どころを上げていくと、足をモジモジさせてヒール👠が脱げてしまうアン王女。演説のレクチャー中にヒステリー😫を起こすアン王女。睡眠薬💊が効いてキーツ？の詩を暗誦し始めるアン王女。理髪店💈でショートカットにして御満悦のアン王女。スペイン階段に座ってジェラート🍦を食べるアン王女。（長くなるので中略）自分の使命を思い出し、ジョーに別れを告げるアン王女。そして、記者会見で外遊の感想を聞かれて、「どの土地もそれぞれに…（顔を正面に向けて）ローマです！何と言ってもローマです！」「ご病気だったのに？」「そうです。私はローマでの思い出を生涯忘れないでしょう」ここはパプロフの犬のように見るたびに泣いてしまう😭とにかく見てない人は見なくてはいけない。
1052815,5.0,観てよかった!! やっぱり不朽の最高傑作♡,"数年ぶりに観たローマの休日。製作70周年記念(字幕)4Kレストア版。今までテレビ画面では何度も観てきましたが今回初の映画館での大スクリーン鑑賞控えめに言って､最高でした。(前から５列目ど真ん中！)とにかくピュアで可愛くて美しすぎる高貴なオードリーを大スクリーンでうっとりじっくり拝めた感動とこの上ない至福感､感無量でした。よーく知っているストーリーながら新鮮であっという間に引き込まれモノクロなのに途中でカラーかと錯覚したほどいつも色鮮やかに観えるってすごいなって感じました。昨今の超高画質作品に見慣れていましたが(もちろん素晴らしいのですが)文明の利器に頼ることなく人の本来持つ想像力や感性を引き出せるのはやはり流石です。何度見ても楽しいし美しいしクスッと笑える場面も多々ありつつ終盤の切ないお別れシーンは大スクリーン効果なのか歳のせいなのか響きまくり今まで以上に感情移入しまくり過去イチ泣いちゃいました。運命ってばもー。ラストの数秒間､目で語る(語り合う)シーンは､何度見てもウルッとグッときます。そして清々しく爽快でした。素晴らしい。(潔い女性､うしろ髪ひかれがちな男性､男女あるあるな本質の描き方も爽やか‼)決意と強さの中に秘められた愛美しく凛としたアン王女24時間での成長(決意)ぶり､すんごくカッコよかったなぁ。あの麗しい眼力､たまりませんね。オードリー以上は居ないです。観るたびに新たな気づきがあり本当に本当に素敵で素晴らしいです。改めて名作中の名作だと再確信。大好きなこの不朽の名作を大スクリーンで観ることができ心も洗われ感謝感激､幸せです。上映後､席を立ち背筋ピン‼と姿勢良く劇場を出たのはきっと私だけではないはず｡笑ちなみにプログラム(パンフ)は無いかと思いきや・・発見！！しかもビックリプライス(1,500円･･他の約2倍)でしたが^^;皇族の結婚式の招待状かのような美しい純白の上質紙に一目惚れし中身も見ず迷わず買っちゃいました。完全ジャケ買い。上映前に素敵なポストカードも頂けたし素敵なプログラムも入手できたし最初と最後にあの懐かしき淀川さんも拝めてほっこりできたし(映画観た感up)エンドロールなかったし普段の映画と違う特別感色々と感無量でした。70周年記念の期間限定上映でしたが10年､20年､30年後の100周年もぜひ企画し続けてほしいな。お婆ちゃんになっても観ます‼映画館で‼(私の後ろは高齢ご夫婦､素敵でした♡)素敵な企画上映をありがとうございました！最高でした‼(余談)今年はワイルドスピードミッションインポッシブルそしてこのローマの休日･･今年は大好きな作品が揃って“ローマde激走”という奇跡のビンゴ！激走したくなる街No.1 確定⁉ 笑そしてローマ激走の元祖はローマの休日だったと気づけたことはまさかの嬉しい誤算､収穫でした♡(ローマ行きたい〜)"
958823,4.0,23-107,製作70周年記念の4Kレストア版を観賞。気品があり可憐でチャーミングな姿に感激😊世界中で愛される大女優への道を切り拓いた名作は今も色褪せない。人と人の友情のように。信念を尊重します。ラストの記者会見のシーンは泣けた😢人生はままならぬもの
1213155,5.0,良いものはいい。,年間100本近く劇場で映画を見ますが、やはりこの作品に適うものはない。オードリーが好きなのでどうしても評価が甘くなってしまうのは勘弁して下さい。２時間の時間の中で着実に女の子から女性になっていく様をウイリアムワイラーは解りやすく描いている。オードリーのアップに何度うっとりする映画なのか。ペックのダンディズム、別れの場面、再開後の握手する場面後のオードリーの涙。何度見てもいいものはいいね。もっと若い人に見てもらいたい映画の１本です。
990420,5.0,最高です,お恥ずかしながら初めて観ました。名作と言われるだけのことがあると思いました。今まで観た映画の中で1番ですと堂々と言えます。また、それは劇場で観れたからかもしれません。素敵な映画です。可愛い！カッコいい！楽しい！そして切ないです。またヘップバーン映画を劇場でやって欲しいです！
1085064,4.0,スクリーンでオードリーを観れる悦び,子供の頃からTVで何度も観ているのですが、とにかくオードリーヘプバーンをスクリーンで観たくて映画館へ。製作70周年4Kレストア版とのことでした。現代でも可憐な女優さんは沢山いますが、オードリーの妖精感はホントに凄い。顔立ち、表情、立ち居振る舞い、色々要素はありますが、骨格ですかね？『美女と野獣』とか『シンデレラ』とかディズニープリンセス実写版をオードリーで観てみたかったですね。やさぐれた記者役ながら上品なグレゴリーペックも良かったです。
35217,5.0,(原題) Roman Holiday,自分史上、最高の映画は変わらずこちらです！子どもの時から何度見返したことか。70周年記念4Kを映画館で観れて良かったです。不朽の名作とはまさにこの事です！どの角度みても、オードリー・ヘプバーンが美し過ぎる！上品！大好きなこの作品をスクリーンで観れる喜び。また10年後も上映お願いします。
423958,5.0,改めて深い感動を味わう事ができて😊,名作は永遠に色褪せない事を証明する秀作中の秀作。この作品に出てくれたオードリー・ヘプバーンとグレゴリー・ペックに最上級の謝意を捧げます！本当にありがとうございました😭ローマでのロケの素晴らしい出来映えを観てローマに行きたくなりました。いや絶対に行くぞー！名作を是非映画館で🎦96
948613,5.0,ままならないのが人生だ,こないだやっと鑑賞できました。やはり何度観ても、オードリー氏の初々しさというか、それでいてアン王女をやっている時の真剣な表情には惹かれますね。ブラッドレーを演じたグレゴリー・ペックも、終盤のアパートでの会話や、彼の車で別れのハグのシーンなど、表情がとてもうまいです。アーヴィングを演じたエディ・アルバートもちょいちょい笑わせてくれました。ラストシーンの、ブラッドレーが１度振り返ってからカメラが止まり、画面外へ出ていく演出も味があります。この映画こそ、正に不朽の名作といえるでしょう。オードリー氏が初主演で、アカデミー主演女優賞をとったのも納得です!
641141,4.5,旅の持つ魅力が実は詰まってる映画。,本作は過密スケジュールから抜け出した王女と、その事実をスクープとして利用しようとする新聞記者の話。王女は日々の公務にうんざりしていてローマの街に飛び出し、そこで前から憧れていた市民の暮らしを1日だけ楽しむ。美容室で髪を切り、ジェラートを食べ、スクーターに乗って街を疾走し、観光スポットを巡り、ダンスパーティーに参加し、新聞記者の男性とキスをする。抑圧されていた感情が浄化されるような晴々とした解放感があるのは前半のスケジュールの過密っぷりが効いてるのか、オードリーヘップバーンの持つ魅力か、それともシンプルにローマの雰囲気か。この映画はラブストーリーのようでラブストーリーでない。ローマの地に魅了された1人の人間の話だと思う。そこでの出会いも、共に過ごした特別な時間も、非日常の世界に足を踏み入れた彼女の好奇心が成し得たもの。ローマの休日というタイトルが示す通り、これはローマのとある日常を切り取った映画。旅は出会いでこうも楽しくなるし、お金もかかるし、たくさんのトラブルもある。そうやってその舞台となった土地はその人に取って特別な思い出の場所となる。私はこの映画を映画館で観れて良かった。
1118004,4.0,ROMAN(tic) HOLIDAY,今さらながらの初鑑賞。最序盤、足元を映す前から、些細な目の動きでアンが公務にうんざりしていることが分かる。話自体はシンプルながら、全体を通して演技が細やかなのが伝わってきた。ジョーがアンを連れ込むシーンは、年齢が離れていることや紳士な振る舞いでギリギリ許容範囲。笑翌朝（昼）のアンは、もう少し貞操を気にすべきだとは思うが…そこからデートに至るまではややテンポが悪いし、2人の恋心も個人的には唐突に感じた。エピローグも冗長かなぁ、とも思う。何より、嬌声を上げながらベスパで暴走するシーンはサスガに不快だった。もっとコメディ色を強めてリアリティラインを下げたら、なんとか見られるかというレベル。しかしそれでも、オードリーのチャーミングな魅力からは目を離せなかった。70年前から今に至るまで、ずっと“綺麗”、“かわいい”と言われ続ける理由は、容姿だけではないようです。ヒロインが素敵に笑うだけで、周囲の人や街も魅力的に見えることを再確認した。個人的には不憫なアーヴィングが好きでした。前後に79年の日曜洋画劇場での淀川さんのコメントが入るのも良かったですが、ここの画質は低いまま。
1158764,5.0,ロマンチックの休日🛵,70年前イタリアで全撮影を初めてアメリカ映画が行った作品。1940年頃にはグレゴリー・ぺック主演映画を撮る事は確定していたらしいが、相手のヒロイン探しが難航。当時24歳のオードリー・ヘップバーンが抜擢された。顔は小顔、ウエストは50センチで細身で気品と可愛らしさがある女優さん。そして無邪気で天真爛漫。イタリアの石畳上の街中の騒音は格別。電話越しに聞いても、あの雑多な響きはイタリアらしさを感じる。無論バイクや車の音も。ブラドリーの管理人さんの電話でのHaa~haanとか、部屋をお掃除するおばさんがBella Vita e'e'とか花屋のおじさんにBuona fortuna とか、然り気無く入れてる脚本家のダルトン・トランポはイタリアを熟知してる。日常をたわいもなくいれるなぁ。ベスパで二人乗りする姿は街と風景が同居する。あのシーンは3分程の釈だったが、撮影に6日間かかったらしい。野次馬なイタリア人が撮影を観に来ていて難しかったとの事。こだわりを感じる監督のウィリアム・ワイラー。真実の口にブラドリーが手をいれ、袖に手を隠して無くなった風にアン王女を驚かすシーン。正しく彼女の自我出た場面と感じた。立派なお鼻に、綺麗に上がる口角、大きな耳としっかりした三白眼の瞳。大学時代に骨董市で買ったモノクロの複写の小さなポスター。映画も見た事も無いくせに飾っていたのを思い出した。可憐な女性だと思ったのだろう。あの女性には憧れるし、虜になるの納得。アン王女と新聞記者のロマンチックな恋をありがとうございました。
1002852,5.0,久しぶりにいい映画をみた。「映画」というものを観た気がする。映画を...,久しぶりにいい映画をみた。「映画」というものを観た気がする。映画を見ている時も、映画自体でも、泣いたりするようなことはなく、純粋に楽しめていたのだけど、読後感というものか、映画を見終わった後に、どことない悲しさや寂しさのようなものに浸されてものすごい感じになるのが久しかった。レトロな映画を見たから来る俗な感情なのか、映画自体が及ぼしていた効果が大きいのかよくわからないが、ともかく世界と付き合っていくのにとてもいい感覚と思考状態になれた。この懐かしい感覚を思い起こさせる映画は滅多にない。
1145844,4.0,何度観ても素晴らしい！　4Kで蘇った恋愛映画の金字塔,映画史上、永遠に語り継がれるであろう名作中の名作が４Ｋレストア版でリバイバル上映オードリー・ヘップバーンさんがすごく綺麗で可愛くて素敵です何度観ても見飽きないストーリー展開、全く無駄のない完璧な完成度に毎回 感心します私のベストムービーに入る「ベン・ハー」を撮ったウィリアム・ワイラー監督がこういったロマンス作品を撮ったことが自体が意外ですが、その上 さらに最上の完成度というのがとてつもない監督だなあと毎回しみじみ思います作品の持つ雰囲気が真面目一辺倒でなく、オードリーさん演じるアン王女がスクーターで下手くそな運転でローマ市内を暴走する所や水上パーティで大乱闘になりギター（？）で男をぶっ叩く所、以前CMでも使われたグレゴリー・ペックさん演じるジョーが真実の口に手を突っこんで噛まれた真似をしアン王女がメチャクチャ驚いて怖がる所、などなどラブコメ要素も持っていて、全編通して小気味よく、軽快に流れていくストーリー展開が観ていてとても楽しくてハッピーになります昨今の技術革新で古い作品がどんどんフィルムから同等の画質を誇る４Ｋでレストア・ソフト化され、中にはこうやって劇場でリバイバル上映されるものも少なくなく、とてもありたいですね何度もDVDで観てきましたが、やはり劇場で観ると全く違う味わいで、月並みな流行り表現で言うところの完璧な”没入感”が得られます本作はストーリー展開や絵面含めて作品自体 何度観ても古さを感じないのですが、こうやってノイズが無くなり映像が良くなる事でなおさら観やすくなっているため、古いのを理由にして食わず嫌いをしている人には是非観ていただきたいと思います最後に、作品前後にオマケで付いていた、１９７９年に”日曜洋画劇場”でTV放映した際の映画評論家のレジェンド 淀川長治さんによる作品解説、懐かしすぎて目頭が熱くなりました
826125,5.0,まごうことない名作,そういえばまともに鑑賞したことなかったなあということで4Kリマスター版の上映チャンスを逃さず観てきました。とにかく、コミカルで切なくてちょっとハラハラもするけれど、ラストの余韻が完璧で素晴らしい古典名作でした。映画はこうでないと。
993385,5.0,🎊初劇場鑑賞🎊祝70周年🎉AUG.SEP.2023,"そうなのです。次どんな場面で何が起こるか分かりすぎる程わかっているのに、映画館で観るのは初めてでした。オードリーのアップのド迫力の美しさは必見の価値有り。当初の主役は、グレゴリー•ペックでした。最初に名前が出て来ました。オードリーは、若いし、ここまで不滅の大人気となり、アカデミー主演女優賞を獲得するとも予想しなかったのでしょう。ヨーロッパ各国の豪壮な建造物が映し出されます。イギリス、オランダ、フランス、そして、イタリアに来ました。イタリア、今でもこんなに遺跡がほったらかしにされているのでしょうか。舞台をローマにしたのは‥‥？大使館での舞踏会のアン王女、退屈で靴を弄んでいたら、脱げてドレスからはみ出てしまいました。慌てる側近たち。寝室で眠りにつこうとするアン王女でしたが、忙しい公式行事にイラつき眠れません。侍医が睡眠薬の注射をするのを見ていた将軍が倒れるのを見るとすかさず　　　　「ハッ⁉️」と叫んでしまうアン王女。あと声を出さずにクスクス笑い。←相当なヤンチャ側近が退出した後、部屋から脱出するアン王女ですが、なぜか道筋がよく分かり車の荷台に潜り込みます。そして、ジョーとの出会い。アン王女の正体がわかるまでのジョーは、明らかに厄介者扱い。勝手にベッドに寝ていたアン王女を長椅子に転がすシーン、正体がわかってから大事そうに抱き抱えベッドに移し替えるシーンと好対照です。帰りたがるアン王女を引き留めるのは無理と察したジョーは尾行。ジョーから借りた1000リラでサンダルを買いパンプスと履き替え、美容室でロングヘアをショートにカット。スペイン広場の階段の手すりに足を広げて座り得意満面でジェラートを舐めるアン王女。初めての自由を満喫。偶然会ったふりして行動を共にするジョー。カフェでアーヴィングと落ち合いながら、事情を知らない彼が受ける災難、後にもう一度ありますが、気の毒。有名な、ベスパに相乗りするシーン、『真実の口』でふざけるジョーを本当に心配するアン王女。　この頃からジョーに好意を抱いているのがわかります。また、望みが叶うと言われている多数のお札の前で何か考え込む姿も。聞かれて、「叶わないと思うわ。」と。自由になりたいor ジョーと一緒に暮らしたい、とか考えていたのでしょうか。夜のお祭り会場で秘密警察？に捕まりそうになりながら大活躍。貴重なショットをカメラに収めたアーヴィング。水に飛び込み逃げおおせたのは凄い。着衣水泳の心得もあったとは⁉️水から上がって見つめ合うジョーとアン。そして、抱擁する二人、恋人同士以外の何者でもない。❤️水に濡れた服を乾かす間のアン王女とジョー。一日過ごしただけの二人でしたが、愛情が芽生え、ジョーに「お料理をしたい」旨伝えたら、「台所は無い。」とジョー。「お料理は専門ぐらいなの。ただ、してあげる人がいないの。」このやりとり、お互いに口に出して好きと言えないからの会話でしょう。‥‥ジョー「台所のあるところに引っ越そうか。」これ、ジョーのプロポーズととっても？しばらくして、「もう行かないと。」‥‥アン王女の決意。切なそうに抱擁する二人。大使館近くに止めた車の中でも最後の抱擁。美男美女なので美しい絵に。最初から着ていたブラウス。宮殿に帰る直前車の中でアイロンかけずに乾かしただけの細かい皺が見てとれました。さすが大スクリーンの賜物。王女という地位にあり公と私があり、優先すべきは公。帰って来て大使や将軍に向かって「義務を軽んじていたら今夜帰って来なかった、永久に。」と毅然と言い放つ姿。王女の風格がありました。冒頭の公式行事を嫌がる幼い印象は微塵も無く、父王のあとをしっかり受け継ぐ決意が見えたアン王女でした。ジョーとの　ROMAN HOLIDAYが子供から大人へと成長させたのでしょうか。🌺劇場3回目で、ラストの記者会見、侍従たちが止めるのも遮り、ジョーと見つめ合い握手した後、ジョーの方には顔を向けず、クルッと踵を返すシーン、気になっていましたが、今日初めてわかりました。　　　　　アン王女の目の下に涙が。このシーンを目にできただけでも、3回目の価値がありました。🌸ジョーには見られたくなかったのですね。ジョーが、最後一人で、あの広間を歩いて行く時の気持ち、男性だから、顔には出さないけれど、きっとアン王女と同じ❣️ーーーーーーーーーーーーーーーーーーーーーーーーーーーーーーーーーーーーーーーーーーーーーー❓なぜイタリア🇮🇹ローマか⁉️イギリス🇬🇧もオランダ🇳🇱も王室が現存するから、被らないように避け、フランス🇫🇷は、革命があったので王室物語は避けるべき、となればイタリア🇮🇹、開放的なイメージがあり、規律の中で育ったお姫様が自由を謳歌するにふさわしい舞台と考えたのかも。また、警察に連れて行かれて教会に行く途中と言い訳して外にいる時、出て来たジョーたちに被害に遭ったイタリア🇮🇹人の方々が結婚を祝福し、あるおじさんはキスの猛襲。こんな陽気な温かいお人柄のせいかも。タクシーの運転手さん、アパートの管理人さん、理容師さんも、陽気な国イタリア🇮🇹。今気づいたのですが、イギリス🇬🇧王室のエリザベス女王が即位して1,2年の頃になります。触発されたのでしょうか。❓やはり、大スクリーンで観るといろんな事に気づきました。アン王女とジョーとの心の機微まで読み取れたのは、だいぶ前に観たからという理由だけではないと改めてわかりました。❓カメラマンのアーヴィングが使っていたライター型のカメラに驚きですが、ネガどうしたのでしょう？ラストで気になりました。❓オードリーの衣装について白ローブデコルテ→パフスリーブネグリジェ→清楚な白長袖ブラウスと多分水色サーキュラースカート(髪型に合わせ半袖に折ったり、襟をオープンにしたり、ストライプのチーフを結んだりアレンジ)→ジョーのパジャマ→模様のあるジョーのガウン→黒ビロードぽいロングガウン→白いレースのアフタヌーンドレス。ジョーのパジャマとガウンもジョーが言ったようにどれも似合っていました。この家の住人であるかのように。2023/8/30•31 サンシャイン大和郡山　　➕　9/14映画館鑑賞　なんばパークスシネマ"
370461,5.0,オードリー,映画館でみるのは初めてですが、オードリー最高です!最後の場面で、左目の下に涙が輝いていたのが、印象的です。
1223959,5.0,大人になってスクリーンにて,幼い頃から何度も観てきたこの作品を、一度スクリーンで観てみたいと思っていた。ストーリーはわかっていてもシーン毎にワクワクドキドキして、若い2人が新鮮で眩しくて。70年たっても褪せない、素晴らしいエンターテイメント。国境を超えた友情を信じるというテーマは奥深く、皆に愛されるオードリーの魅力を劇場で共有できるのは最高でした。淀川氏の声を久しぶりに聞けたのもなんとも味わい深かった。
1191669,5.0,大人のおとぎ話,現実にはあり得ない夢想の世界ではあるが、可笑しくてロマンチックで少し切ない最高のエンターテインメント作品。鑑賞後も心地よい余韻に浸れる良作。公開当時だけでなく現在も人々の心を惹き付ける魅力にあふれている。昔テレビで観た記憶があるが、当時は単に面白い映画というだけの印象だった。今改めて鑑賞すると感情表現や脚本・演出の見事さが際立っている。某小国の王女アンとアメリカ人新聞記者ジョーの偶然の出会いとその後の顛末。お互いが自分の本当の身分を明かさないままローマの名所を巡ったりして大いに楽しむ。羽目を外したり騒動に巻き込まれたりしているうちに恋心が芽生える。しかし二人とも、自分たちが決して結ばれる事がないのを分かっている。楽しさの後にやって来る寂しさがある。テレビで鑑賞した時は人生経験も恋愛経験も浅かったから機微というものを今ほど敏感に感じていなかったのかもしれない。言葉に表さなくても分かる恋愛感情。住む世界が違いすぎてどれだけ相手のことを想っていても成就しない恋。越えてはならない一線。人生経験を重ねた今ならその切ない感情がひしひしと伝わってくる。と言う訳で”もしも”という前提の夢物語でどの世代が観ても面白い話だけれど、自分の人生経験に応じてより感慨深いものになるような、大人のおとぎ話だと思う。言わずもがな、オードリー・ヘプバーンが王女アンに適役。上品で知的。しかし息の詰まりそうな毎日に情緒不安定になったりもするし、お転婆な一面も。好奇心旺盛。笑うときは無邪気な笑顔。とにかく表情が豊か。オードリー・ヘプバーンがいるだけで眼福。グレゴリー・ペックも上品で紳士的。ジョーは多少自己中な面もあるが頼れそうな安心感を備えている。この二人のおかげで、アンとジョーが親密になっても性的な匂いをあまり漂わせない上品な映画になった。ほどよくロマンチックだった。脚本・演出・主演の二人いずれもベスト。映画史に残る素晴らしいラストシーンまで鑑賞者の心を虜にする永遠の名作。----------------------------------------------------------------------------------------以下は昭和中期に生まれたおっさんの昔話と断わった上で・・・自分が幼少期から思春期にかけての頃、映画鑑賞の手段は主に二つしかなかった。・映画館で鑑賞（ロードショー/名画座/名作のリバイバル上映）・テレビの映画番組＝アナログ放送、ブラウン管テレビ後に個人が録画したり作品のソフトが販売されるようになるまでは決められた上映時間や放送時間に合わせてその場にいなければ鑑賞できなかった。様々な高画質のデバイスを持ち鑑賞手段も多彩な今の若い世代には想像もできないかもしれない。テレビの映画番組は「日曜洋画劇場」に代表されるように洋画を主に放送していた。本編の前後に解説者が登場して見所や撮影時のエピソードを話してくれるのが毎回楽しみだった。他に、日本だけの慣習なのか以下のような特徴があった。・声優さんによる日本語吹き替え版・CMのため何度も中断・放送時間枠に収めるためテレビ局が独自に編集（カット）・ワイド画面の映画もテレビの縦横比にトリミング「ローマの休日」のテレビ版と映画館で観た”完全版”とで印象が違うのは上記のことが少なからず影響しているだろう。とは言え家庭で気軽に映画鑑賞させてもらえた事には感謝したい。多くの過去の名作の内容を自分が知っているのはテレビの映画番組のおかげだ。「ローマの休日」公式サイトで告知しているように、今回の上映では本編の前後に「日曜洋画劇場」当時の淀川長治さんの解説映像が上映される。あの懐かしい名調子が聞けて良かった。
799920,5.0,文句なし!改めて名作だと再認識,私が初めて観た作品はローマの休日だが、改めてスクリーンで観たいと思い、鑑賞した。文句なし!改めて名作だと再認識させられた。映画の楽しさ、ハラハラドキドキ感、ジーンとくるシーンなど映画を観た感想や印象が盛りだくさん。最後も後味がよく、ああ名作を観て良かったと痛感した。配信よりもスクリーンや映像で観たい作品。観た事がない方はぜひ。おすすめします❗
1017887,4.0,「くつ映画」であり「向精神薬映画」であった。 最後、「友情」なんだ...,「くつ映画」であり「向精神薬映画」であった。最後、「友情」なんだよな。王女ゆえの体験の未分化さ（未成熟）であるかもしれないが、それよりも、一人の人間として「義務」を背負って生きていく覚悟の表れという感が強い。
851860,5.0,ユーモアの重要性,過去何度も鑑賞監督は『嵐が丘（1939）』『ベン・ハー（1959）』『おしゃれ泥棒』のウィリアム・ワイラー脚本は『スパルタカス』のダルトン・トランボ新聞記者と王女がデートがてらにローマ観光するロマンティック・コメディーオードリーには悪いが世界史上最も優れたアイドル映画といえる彼女の1番の当たり役あらすじとある国の王女が各国を親善訪問していた連日分刻みのスケジュールにストレスが爆発し滞在先のイタリア大使館を抜け出したアン王女一方ローマ支局のアメリカの新聞記者は夜に公園で寝ている若い女性に声をかけタクシーで自宅に送ろうとしたが住所がわからず仕方がなく自分が住むアパートで一晩寝かせることに新聞記者は大寝坊でお昼過ぎに出勤し支局長に叱られる流れで介抱した若い女性がアン王女だと知る新聞記者は彼女をローマ観光に連れ出しそれをスクープ記事にして大金を得ようと計画し友人のフォトグラファーにも同行させた大遅刻した新聞記者と支局長のやりとりが秀逸相棒のフォトグラファーが記者によって椅子ごと一人バックドロップ状態になっちゃうところで自分は今回も大笑い他人のちょっとくらいの不幸ってとても面白いあんな酷い仕打ちを何度も何度もやられても2人の絆が壊れることはないのが良いこの頃からライター型カメラなんて凝ったものがあったのかしらなんと日本製戦後間もない頃なのに町工場の職人凄いぜ真実の口のシーンが新人オードリーの緊張をほぐすためのグレゴリーのアドリブだったことはあまりにも有名広場の時計の逸話も理髪店のカツラの逸話も全て監督が何度も何度も繰り返し撮影しなかなか納得しない所以だがこのシーンだけは一発OKだったというあの時の素のリアクションをするオードリーは可愛いこれだけでも人類の多くから愛され続ける理由がある車内で別れの挨拶言えない言わなくていいのやりとりから抱きしめ合いキスするシーンが良いフォトグラファーと記者がローマ観光を楽しむアン王女の写真の数々を見るシーンも良い大使館での記者会見でフォトグラファーが撮った写真の数々を王女に渡すわけだがそのなかの一番上にきている写真が面白いいいセンスしてるユーモアが洒落てるやっぱりこの映画は名作で間違いない配役アメリカンニュース社ローマ支局のアメリカ人新聞記者のジョー・ブラッドレーにグレゴリー・ペック「アーニャ・スミス」と名乗る某国の王女アンにオードリー・ヘップバーンアン王女の件でブラッドレーに協力するC・Rフォトサービス所属フォトグラファーのアーヴィング・ラドビッチにエディ・アルバートイタリア大使にハーコート・ウィリアムズアンの世話係のヴィアルバーグ伯爵夫人にマーガレット・ローリングスアン王女の髪をカットした理容師のマリオ・デラーニにパオロ・カルリーニアメリカンニュース社ローマ支局長のヘネシーにハートリー・パワー
1222648,4.0,オードリーヘプバーンの可愛さ爆発,ネタバレ？初見ただただオードリーヘプバーンがかわいいかったです。こんなにおてんばだとも知らなかった。真実の口はアドリブだったなんて知らんかった。トレビの泉が、地元のキッズが水遊びするようなところだとも知らんかった。髪の毛切っても可愛いし美しいが、ロングのザ・お嬢様も好きかわいい。ローマに行きたくなりました。22.3.4 テラサ
1096005,5.0,非のつけどころがない大名作,ラブロマンス映画の金字塔にして、永遠に輝き続けるであろう不朽の名作。1953年の作品とは思えないほど脚本と展開が素晴らしく、笑いあり感動ありのストーリーは今見ても全く色褪せる事を知らない。オードリー・ヘップバーンの美しさはもはや世界三大美女と肩を並べるのではないでしょうか。アンとジョーの表情や立ち振る舞い等が非常に細かく、「こんな時はどういった顔や動きになるか」をリアルに見せようという熱意が伝わってくるようでした。また脇を固める登場人物が魅力的で、個性豊かなキャラクター性がより一層この映画の面白さを引き立てているように感じました。
332707,4.0,アン王女は何故帰るのか？,大人になって見てみよう昔見た時はオードリーがアホみたいに可愛いアイドル映画と思ったんだけど最近見たら評価変わったんすよね。ほら、アン王女って結局お城に帰るじゃないですか、10年くらいずーっとスルーしてたんすけど、この名作映画の大きなツッコミ所なんすよね。えー、帰ん無くて良いじゃん、デート楽しかったじゃん、グレゴリーペックイケメンだったじゃん。ね、そのまま楽しい人生掴めば良かったのにアン王女は何故帰ったんでしょう？て、人から教えて貰った知識なんすけど、アン王女が決心したシーンて祈りの壁って場所なんすよ、あそこには戦争の悲惨さを沢山のメッセージで記してるんすよ、壁に書かれてたアレがそうです。王宮に住む彼女が見たリアルな戦争だったんですよ。この世にこんな不幸が有って良いのか？この戦争を無くして国を復興させる人は居ないのか？あ、居るじゃん！私じゃん！！！て、初めて気づくんですよ、だからアン王女はお城に帰るんですよ、自分の意志で。この映画って、ラブロマンスでコーティングされた反戦映画で有り、少女の成長物語なんですよ。そりゃ何十年経っても残る訳ですよ。
1006701,5.0,そうだ　ローマ行こう,個人的には人生で何度観たかわからない視聴回数トップ10作品におそらく入ります。（◯◯ロードショーでもなんちゃら洋画劇場でもDVDでも。文化祭とか芸術鑑賞会、飲食店のスクリーンなどで上映されていたりもするし。先日も近所の洋食店に行ったら流れていまして。ランチで2時間粘るのもおかしいから続きは帰宅後にDVD鑑賞（笑）まぁ所有DVDの保存状態も数年に一度はチェックしなきゃですしね）幼少期にさんざっぱら観たので、年齢的にヘプバーンやグレゴリー・ペックに憧れるというのはなかったのですが、ストーリーは心の形成期に刷り込まれています。子供時代の印象は「籠の中の小鳥が一日だけ手に入れた自由」「利用するつもりが、彼女の心情を知ってしまえば下世話な欲には使えない、という漢気」「決して結ばれないとわかっている2人の、プラトニックで理性的で克己心に満ちた振る舞い」「美しくてほろ苦い、青春の1頁」そんな切なさが、深い余韻となって刻み込まれました。そうだ　ローマ行こう！と思ってもなかなか事情が許さず、少なくとも5年10年先にならなきゃ無理だなぁと思うのですが、イタリアは未訪問ですので、いつかスペイン階段でジェラートを食べてきたいと思いますw
1089387,5.0,格調高いロマンチックコメディ,BSにて視聴。言わずとしれたこの名作は何度見てもため息が出るほど素晴らしい。モノクロの画面でオードリーとグレゴリー・ペックの美しさは際立ち、ホレボレとしてしまう。物語は小さな笑いを散りばめながら、徐々にふたりの心が近づいていく。その描写は繊細。感情が揺れ動く表情とセリフの間合いも丁寧に描かれて、ああ、この時代の映画はいいな、と思わせられた。名シーンが多い本作品。当方は特に冒頭の王女が退屈して靴を脱ぐシーンと、最後の会見で写真を贈られるシーンが気に入っている。
1182132,5.0,魅了される。。。,"白黒映画だけど、オードリー・ヘップバーンを中心に彼女の周りだけ総天然色のような錯覚さえ覚える、なんて清純なレディなのでしょうか。とってもチャーミングで目が離せない。。。大暴れしても、泳いでずぶ濡れになっても気品溢れるしぐさや、美容院でイメチェンするあの髪型、世の女性はどれほど憧れたか。。。彼女の魅力は挙げ始めてもきりがないが、ローマの休日は彼女の見た目の美しさだけではなく、内面の美しさまで、これぞレディ！を示してくれたような作品。最後のシーンで‘’Rome""と答えるシーン。沈黙から答える目の輝き、笑顔が本当に素敵で、生涯、憧れます。"
889382,4.5,エスパー魔美はヘップバーンの髪型をリスペクトしている。,この映画はウィリアムワイラーの演出。僕はビリー・ワイルダーだとばかり思っていた。さて、やはりオードリー・ヘップバーンの相手はグレゴリー・ペックの方が良いと思う。この組み合わせがデビューなのに、麗しいはずの映画に、何故？『ボガード』なのだろう。だから、ウィリアムワイラーに対するアンチテーゼがビリー・ワイルダーにあったのかもしれない。名作と言われる事に、僕自身の体験をかけて、異論は持ちたくないが、本当に名作なのだろうか？オードリー・ヘップバーンの可愛さを強調したアイドル映画だと僕は感じる。しかし、ペックのイケメン演技よりも、ラトヴィッチのハートフルな立ち振舞に、僕は価値を見出した。ペックとヘップバーンだけの掛け合いで、この話を進行させても別段問題ないと感じるが、ラトヴィッチや床屋の存在が大きいと思う。また、全く架空の王国の王女だろうが、名前が『アン』だから、グレートブリテン王国である。だから、この映画のセリフの中に『欧州統合の必要性』を問われる場面があった。その答えに、彼女は『絶対に必要』と答えている。さて、日本と違って、ヨーロッパの王室は自分の意見を割りと気軽に話す事が出来ると聞く。さて、イギリスはEUを脱退した。つまり、彼女はスコットランドの王女なのだろうか？まぁ、寓話ですからね。これから、売り出すオードリー・ヘップバーンの為に制作された70年前のアイドル映画として『名作』であると感じる。男性としては、『清純な少女』を図体のでかいアメリカンに強奪されなくて良かったと感じる。間違って、ハウスキーパーが風呂場を開けるシーンをスローで再生(勿論、ビデオが登場してからの話)したものだ。だから、僕のアイドルはやがてオリビア・ハッセーにとって変ってしまう。ロミオとジュリエットは僕にとって、正に性の目覚めだった。不純！拘束具とかしてウザいハイヒールを脱いだのは良いが、状況を考えて彼女のおみあしが、スカートの中で、それを探す場面がある。その過程が、実にエロティックに僕は感じた。
1182106,5.0,憧れの‥,今ほど交通の便も、情報もなかった時代に作られた、ロマンス溢れる映画。この映画を「観光映画」という人もいますが、まさにその通りで否定はしません。観る人が何を感じ、感動するかで決まると思います。この時代の映画はロマンに溢れ、教科書だったり、生きる指南役だったりします。封切り当時の若者たちは、大いに感化されたのではないかと思います。ちなみに当時作られた日本映画には、アン王女のヘアスタイルを真似た女優さんも登場していたりで、きっと飛び抜けてイカすスタイルだったのでしょうね。現在では映画に影響してスタイルも真似する‥なんて姿は街中でも見かけません。さて、もう何十回も観た「ローマの休日」ですが、何十回観ても「素敵な映画」としか言えません。全ていいのですが、特に一つ挙げるとすれば、最後の最後、王女たちが引き上げ、一人残った記者が歩く場面です。劇場で聞くとわかるのですが「コツコツ」と靴の音だけがホールに響き渡り、何とも言えない彼の心情が伝わってきます。恋愛映画、観光映画。都市の記録映画、どれでもいいのです。映画の中に流れる感情をどう捉えるかが問題で、それが観た人のどこかに残っていればいいと思います。世界中に影響を与えた映画として、今では「真似できない物語」のひとつですね。映画に憧れた時代の映画。大好きです。
1085563,4.0,やっと観たけど､名作,名作バイアスかかってるかも､やっと観たけど名作だと思った。単純明快､軽い気持ちでカジュアルに観れます。終わり方が好きです。イキだなと。階段のシーン真実の口ベスパの2人乗り有名なシーンも観れました。この古典は観ておきましょう。いい話で､観たあと元気でるかも？
951665,4.5,美しくて可憐で可愛いオードリー,某国のアン王女がヨーロッパ歴訪中にイタリアのローマで侍従や護衛から逃げ出し、偶然出会った新聞記者のジョーと1日デートをする話。とにかくオードリー・ペプパーンの美しくて可憐で可愛い姿に見惚れてしまう。何であんなに可愛くてスタイル良いんだろう、ウエスト細っ！真実の口でジョーのイタズラに驚いた仕草なんか、すごくキュートで例えようがないくらい可愛い。今までテレビでも何度か観たことあるが、やはり劇場の大画面で観ると感動が違う。何度見てもオードリーにキュンキュンしてしまう素晴らしい作品です。
945796,5.0,こんなに素敵な映画を作ってくれてありがとうございます！,しばしば映画を見るようになって、少しだけ寂しいことがある。映画を見に行った状況と映画が結びつかなくなったこと。映画が日常になって特別感がなくなった。例えば、「初めてのデートの時、あの映画を見に行った。ポップコーンとコーラを買っただけで心が浮き浮きした」とか、「仕事がきつくてたまらなかった時に、気分転換に一杯飲んだ後ナイトショーを見に行って、いつも以上に心に刺さった」とか。逆に、映画が日常になってよかったこともある。状況と映画が結びつかなくなった代わりに、素晴らしい映画を見た後に、その映画を作ることに関わった方々に、自然に感謝したくなるようになったこと。「この映画を作ってくれてありがとう！」そんな感じ。中には映画という機械を作ってくれ、それを発展させてくれた人々全員にお礼を言いたくなる時さえあった。で、この映画「ローマの休日」。そんな、この映画に関わったすべての人に感謝したくなるような映画でした。度々オードリヘップバーンがアップで画面いっぱいに映されるのだが、そのきれいなこと。魅力的なこと。これだけ一人の女優を綺麗に撮れたら、監督も思い残すことはないだろう。はじめと終わりに淀川長治さんの解説があった。これまた心に残るものだった。〈最初に書いていたレビュー〉人に好きな映画を聞かれたら、まずは「ローマの休日」と言っておけばいい、という雰囲気を感じて、なんとなくそこまで高い評価をしていなかった。先日、久しぶりに見直して、何か非常に心に入ってきた。もう何度も見ているのに、今回、特別に心に残った理由は何なのか。自分でもよくわからない。ただ、とっても好きなのに、それを貫くことができない、という切なさを今回痛切に感じた。ちょうど、「天気の子」と対照的だなと、今、思いついた。〈追記〉この頃、まだ馬車が走っていたんだ。この頃、信号機の代わりにお巡りさんが交通整理をしていたんだ。この映画を初デートの映画にできる人たちは幸せだなあ。
342537,3.0,オードリーの可愛さに尽きる,名作・・名作・・と言われ続けてきたオードリーヘップバーンの代表作【ローマの休日】特に興味も無かった映画だったのでVODでも観ようと思わなかった。地上波放送されてたので録画して、暇なときに観ようと思いました。・・ということで初見ですｗｗ　(;^_^A白黒時代の映画を観るのは初めてです。だけど、白黒なのに違和感なく観れました。■当時の乗り物に目が行ってしまうｗ令和の今となっては見れない車やバイク。デザイン最高にお洒落で魅了されます。最初に出てきたあのタクシーはロンドンタクシー？？お洒落すぎてたまらん♡　ベスパも可愛い♥■とにかくオードリーの美しさが全て。整形とか無い時代に、こんなに整ってる人って、なかなかいないよね！この当時の白黒画質でこんなに美しいんだから…きっと現代で観れたらもっと美しいんだろうな。■よこしまな気持ちから純愛へ・・。アン王女と分かってから金儲けに走ったブラッドレーですが彼女の美貌・・可愛さに仕草に惹かれてしまったようです♡最初のキスしようとしてしない・・もどかしい感じが好きｗ■センスのある終わり方両想いなのに、自分の要るべき場所をしっかりお互いに理解し、別れた。なんかハッピーエンドじゃないけど、なんだか清々しい終わり方なんだよね。素敵な映画でしたが、めちゃ感動・・とかは無かったなぁ(;^ω^)色んな映画見てきたせいなのか、ストーリーがベタで、単純すぎて少々つまらなかったかな。
1126531,5.0,不朽の名作。 オードリー・ヘップバーンの美しく気品ある王女、自由を...,不朽の名作。オードリー・ヘップバーンの美しく気品ある王女、自由を求めローマを巡る無邪気な彼女はとても可愛らしい。そんなキラキラしている彼女に魅了される。決して実ることない淡い恋心にキュンとし、自由を許されぬ王女としての覚悟をもった彼女の目はとても真っすぐで素敵で涙しました。切なくも心地よい余韻が残る素敵な作品でした。
74675,5.0,さすが名作,アン王女の可愛さと紳士なブラッドレー１日限りのロマンスに万歳♡金曜ロードショー★オリジナル新吹き替え版★
1090332,3.5,王道のラブストーリー,初めて見て、名作と言われる意味が分かりました。王女様と冴えない男のたった1日の恋。オードリーヘップバーンがとにかく美しく、ストーリーの中にはユーモアがあり観てて退屈しません。モノクロ映画でもこんなに心ときめくんだなぁと思いました。ストーリーとしては王道ですが、王道ストーリーの原点はきっとここからなのでしょうね。最後の記者会見のシーンは、言葉を交わさずとも気持ちが伝わってくる演技でした。
74175,5.0,マスターピース,映画的な悦びのすべてがある。そんな映画。マスターピース。
1114238,5.0,素敵だわ😍,スペイン通りだっけあれ、こないだ車でおりた人が居たんだよね間違って（笑）観光客の人
1105598,4.5,不朽の名作,初めて鑑賞したのは大学生の頃だったと思います。同時期に観たカサブランカ、スティングも含めて、昔の映画ってなんてレベルが高く面白いんだと驚いた記憶があります。スペイン広場や真実の口など観光名所を廻って楽しませてくれます。まぁ、この作品のおかげで有名になったのかもしれませんが。あと、少しテンポが遅く感じることもありますが、どのシーンも楽しめる内容になっていると思います。好きなシーンは下記です。船上パーティで川に落ちた後に王女が追いかけて川に飛び込んでくれます。その後にキスするのですが、素性を知ってるだけにその行動が可愛らしく、愛おしく感じれます。戻った時に大使に義務を説かれ、理解してるから戻って来たと威厳を持って伝えます。王女の成長が見えて良いです。そして、なんと言ってもラストの記者会見。王女と新聞記者という本来の立場に戻った後の別れのシーンです。大勢の中で言葉を選びながら気持ちを伝え、心が通じ合う感じが好きです。そして、王女の去り際の表情がとても切ないです。何度観ても感動できるラストシーンだと思います。以上
853973,4.0,新しい風,新吹替とのふれこみなので、見てみた。オードリーといえば、池田昌子さん。今回、新たな声優は、早見沙織さん。知らない名前だった。でも、雰囲気は池田さんと似ていて、落ち着いた品のいい声だった。そのせいか、申し訳ないが、それほど新鮮味はなかった。でも、キャピキャピしたり、ドスがきいたりしちゃあいけない。アニメ声のアン王女。ロンリー・チャップリンなアン王女。別の映画になっちまうわ！　はい、正統派バンザイ！何回見ても、オードリーの清潔な美しさには、ため息が出てしまう。白黒映画だから、服の色がわからないが、あのフレアスカートは薄めの青色じゃないかな。白いブラウスとの組み合わせが、爽やかでかわいい。こんなにかわいかったら、好きにならずにいられないよ。ジョーさん、よく自制したね。ローマの出来事は、王女の一生の宝物。甘酸っぱくキラキラした思い出。見ると若返るような名作である。日テレ金曜ロードショーを視聴。
1117706,4.0,人生で一番の思い出は？,王位継承者のアン王女が、日々のストレスに耐えかねて脱走し自由気ままにローマで1日を過ごすという話です。最後の記者会見のシーンで「ローマの思い出は一生忘れられないでしょう。」と言った場面がすごく印象的でした。長い人生せっかくなら色んな経験をして、おいしいものを食べたり、行ってみたかったところへ旅行へ行くのも、素敵な時間とお金の使い方だな。と思いました。モノを買うより経験を買うというやつです（笑）真実の手のシーンを観たときは「これだったのか！」とちょっと感動（笑）それにしてもアン王女が美しかった。
226549,5.0,これはもう…時を超えています,文字通りの不朽の名作でした。記者会見のシーンは圧巻でした。ヘプバーンのアン王女は美しく気品溢れていました。凄かったです。
901969,5.0,心の綺麗な人の綺麗な姿は本物だ‼️❓,オードリーの晩年の姿を知るひとは多い。噂には聞いていたが、さすがに、美しい。でも、それはただの容姿ではなく心の美しさらしい。思い出したが、リメイクなら吉岡里帆さんが最適だと思いました。十数年前、京都駅の夜行バス乗り場で親切にしていただきました。彼女が、多分、嵯峨野高校一年の頃だと思います。年寄りにも親切な天使のような方でした。映画を観て思い出しました。
1095882,5.0,いつ見ても、乙女心になっちゃう！オードリーヘプバーンになりたいな！,久しぶりに鑑賞しました！大好きで何度も観たけれども、何回観ても面白いし笑っちゃうし、切ない。もうオードリーヘプバーンのかわいさ満点の映画ですね！ショートカットと、ちょっと袖まくりのブラウス、フワフワのフレアー多めのスカートと、華奢なウエスト！真似したいファッションです。逃げ出して刹那的な自由を天真爛漫に楽しんでいる王女様。そりゃ、邪な心で近づいた2人も騙したり裏切ったりできないよね。本当に純粋で可憐で素敵だもん！最後のプレゼントの写真も素敵でした。ギターで人の頭をぶっ叩いているのに、可愛らしい！真実の口はグレゴリーペックのアドリブとか！オードリーヘプバーンは本当に驚いたそうですが、素でもあんなに可愛いとは！本当に天使ですね。
1094120,5.0,キュートなオードリー,「ローマの休日」4Kレストア版2023年　劇場公開を記念して再編集投稿スクリーンで観られるのは嬉しいですね。DVD、TV　Versionと何度か鑑賞済以下は、初レビュー投稿時のものです。ウィリアム・ワイラー製作・監督オードリー・ヘプバーングレゴリー・ペックが共演した永遠のラブロマンス『ローマの休日』のオリジナル新・吹替版が【金曜ロードショー】で放送されました。映画は1954年公開なのでモノクロです。表敬訪問中のアン王女（ｵｰﾄﾞﾘｰ）が、分刻みのハードスケジュールにうんざりして、お城を抜け出し偶然、出会った新聞記者のジョー（ｸﾞﾚｺﾞﾘｰ）と市内を散策。美容院で髪を短くカットしたシーンもキュートです。特に、スペイン広場でジェラートを食べるシーンはジェラートブームを呼び誰もが真似をしたという(^^)Vespaに二人乗りのワンシーンやBocca della Verità真実の口のシーンもイタリアの観光地として人気になりましたね。とにかく正体を隠し（隠しきれてない）ジョーと一緒に、多くの初めての事を経験するアン王女。（オードリー）の生き生きしたピュアな笑顔がステキなのです。ジョーは、途中までアン王女のスクープを書く為でしたが無邪気な王女に恋心が芽ばえ記事を諦めるところが良いですね。ラストの記者会見場面では王女としての責務を果たす覚悟の表情とセリフが印象的でした。何度見ても素晴らしい名作です。
667200,5.0,白黒なのにこんなに面白く感じるのは初めてです。,金曜ロードショーの新録吹替版で初めて観ました。特に面白かったのはスクーターでローマ市街を散策してたときに暴走するシーンが面白く感じました。そして吹替も古い方も好きかもしれませんが僕はこのバージョンでも堪能できました！これを機にもっと名作映画の新録吹替を制作できないかな…※追記　BSスターチャンネルの吹き替えでTBS版とフジテレビ’94版と金ロー旧版の聞き比べましたがどれも同じくらいの吹き替えでした。
941197,3.5,まさかのTV地上波での鑑賞。 新吹き替え版での放送とのことで、今回...,まさかのTV地上波での鑑賞。新吹き替え版での放送とのことで、今回が完全初見のため、個人的にはさほど不自然感もなく観れた。ストーリーは一国の王女が来訪の過密スケジュールから逃げ出した先で、新聞記者の男性と出逢い一日だけの恋に落ちるというディズニーのようなストーリー。とにかく主演のオードリー・ヘップバーンの可愛らしさが際立つ。特にロングヘアをバッサリカットし、ショートカットになった場面はめちゃくちゃに可愛いかった。また男性側は完全なる打算だったものが徐々に彼女に惹かれ、車の中で別れるシーンは台詞の素敵さも相まってオシャレなお別れだった。最後も、執務が嫌で逃げ出した少女はもうどこにも無く、王女としての覚悟を決めた彼女と、新聞記者である男性が本当の正体を晒して対面するシーンは切なくもあり、とても良いENDだった。
960205,4.5,不朽の名作,モノクロでも伝わるオードリーヘップバーンの美しさとわかりやすいストーリーが本作の魅力である。世代を問わず楽しめる点も素晴らしい。
956721,5.0,何でオジサンなのか ？,➊ 2022/3/3(木) シネマ猫古い映画で若い女性の相手役にオジサンが出てくるとスゴく違和感がある。 昔 (前世紀？) この作品を始めて見たとき、グレゴリー・ペックが最初に出てきた場面で ｢エッ、このオジサンが恋の相手 ？ (ﾟд゜) ｣ と思った。 ５、６年前に 『 麗しのサブリナ 』 を初めて見たときはウソだろと思った。男性監督・男性プロデューサー・映画会社の重役 (昔は男性しかいない)の願望じゃないのか？青梅のシネマ猫で久々に見た。 古い映画の映画館での再上映は字幕しかやらない印象がある。吹き替え派なので 『ローマの休日』 の吹き替え版を大画面で見れてうれしかった。2017年に『ララランド』、『カフェソサエティ』を見た後に『ローマの休日』(午前10時祭)を見て、 ｢ これって、ララランドのラストと同じじゃないか ｣ と思った。かつて心引かれた２人が、今後の人生で交わることがない相手に想いを馳せる。なんてとこかな？最近では 『ちょっと思い出しただけ』 も同じラストだ 。➋ 2023/8/30(水) イオン武蔵村山何度見ても､ラストの新聞記者団との会見の場面は感動する｡具体的な場面は３つ｡① アンとジョーが信頼と友情を確認しあう場面｡まわりには女王と新聞記者のやり取りにしか見えない｡ ② 記者の質問で､今回の訪問で１番印象に残った訪問地を聞かれたとき､無難な答えを言うのを途中でやめて､｢ローマです｡なんと言ってもローマです｣と言った場面｡ 今回､上映が始まってすぐにこの場面わ思い浮かべて胸が熱くなった｡ ③ 王女が退場する直前､アンがジョーのほうを見て微かにうなずくと､ジョーも僅かにうなずく場面｡もちろん最後に２人が見つめ合い､うなずき合ったことなど会場の誰も気付いていない｡このとき2人は何を思い､何を心に秘めたのか､残念だけど僕にはサッパリ分からない｡それから､水から上がった２人がキスする場面に違和感があって､｢えっ､何で？｣と思ってしまう｡ここも僕にはサッパリ分からない｡運命の出会いとか､人を好きになるのに理由はいらいということなのかもしれない。製作70周年を記念した4Kレストア版(字幕)｡｢ローマの休日｣やオードリー・ヘップバーンの作品が近くの映画館で上映される時は必ず見るようにしている｡今後ますます映画館で見る機会が減っていくと考えられるからだ｡オードリー・ヘップバーンの作品が映画館で上映されたら見ようと思う人の集団や､映画館で上映しようと企画・立案する人の年齢層は高いと思われる｡
684205,5.0,色褪せぬ最高のロマンス,"""金曜ロードショー"" で鑑賞。　タイトルだけは知っていた本作。「ゴールデンタイムに見られるなんて！」と、テレビにかじりついて鑑賞しました。　そして、オードリー・ヘプバーンのあまりの愛らしさに、小学５年生の私はハートを撃ち抜かれてしまったのでした。　アン王女と新聞記者（グレゴリー・ペック）の繰り広げるロマンスは、子供心にもときめくものを感じました。　ローマの美しい風景も物語に花を添えていて、観光映画としても楽しみながら、ふたりの恋の行方にドキドキ。　しかしながら、この恋は決して叶わぬもの。かけがえのない時を過ごし、やがて別々の人生へと戻っていく。　ラスト、凛とした顔つきのアンが美しい。握手で交わした感情が沁み、切ないけれど幸せな気持ちになりました。[余談]　真実の口でのシーンがとても印象に残っています。　アンがとにかく愛らしすぎる。[追記（2023/09/02）]　レストアによってさらに輝きを増したオードリー・ヘプバーンのかわいらしさ、美しさに魅せられました。グレゴリー・ペックのカッコ良さにも痺れまくり。永遠普遍のロマンティックさに悶絶し、名作を映画館で観られた幸せを噛み締めました。[以降の鑑賞記録]2005/12/24：プレミアムステージ2023/09/02：MOVIXあまがさき（4Kレストア版，字幕）※修正（2024/04/07）"
264205,5.0,ローマの,最後の記者会見の質疑応答が感動した。楽しめました。
1022144,5.0,オードリーにつきる！,今となってはありきたりのストーリーだがオードリーだからこそ全然許される。とにかく綺麗、かわいい、表情が素敵で見ていて飽きないとはこのこと。ちょっとおてんばなところがまた良い。だけでなく高貴さも備えている。パリでもなくロンドンでもなく、ましてニューヨークでもない。舞台はローマ。コロッセオ、スペイン階段、トレビの泉など舞台も最高。見る者、みんなを幸せにしてくれる映画だ。ただ、真実の口のシーンが明石家さんまを思い出してしまいせっかくのいいシーンが・・・・一応、笑えたが。たくさん写真を撮られたが、もし時代が現在でフライデーや文春砲ならどうなってたやら。週刊誌の増刷増刷みたいな事になってないか？
1038984,3.5,年越し映画マラソン,新聞記者全然かっこよくない
135427,5.0,何度観ても発見と楽しみが有ります！,何も言うこと無し。オードリーの神格化に歯止めが効かない❗
1070239,3.5,「オードリーヘプバーンといえば。」,BSPの年越し映画マラソン記念すべき　第1走「ローマの休日」お姫様と一般独身男性という　今ではよくある設定です笑ガチガチのラブストーリーかと思っていたが　笑える要素もまぁまぁあっておもしろかったです。ただストーリーははちゃめちゃかなとは　思いました。今でもCMなどで名シーンが切り取られて放映されたりと　観たことあるなーっていう映像が多数。男同士の賭けだったが　最後には•••というのは気持ちが変わっていくのもよくわかります。オードリーヘプバーンは綺麗というか、かわいいなという印象です。　ストーリー的にはま、まぁということで　名作なのでもうしわけないが☆3.5
1078327,5.0,オードリー・ヘプバーンの永遠の名作,オードリー・ヘプバーンの永遠の名作をついに鑑賞。素晴らしい。やっとオードリー・ヘプバーン に出逢えた。 最初はクラッシック独自のムードに違和感を感じたが、 少しずつ感情移入していき最後には感動した。 やはり素晴らしい映画に時代は関係ない。
543334,4.5,ヘップバーンの愛らしさは勿論だが、グレゴリー・ペックの名演技が光る,今だにコマーシャルに登場するあまりに有名なウイリアム・ワイラー製作・監督の1953年公開の米国映画。脚本がダルトン・トランポ（赤狩りで刑務所送りされた一人）、イアン・マクラレン・ハンター、ジョン・ダイトン。英会話の学習用用教材として数回見た。自分にはレベル的に難しすぎて英語はサッパリ聞き取れ無かったが、字幕により十分に楽しませさせてくれた。数回見ても、ヘップバーンの初々しさ、愛らしさ、気品には感心させられた。ただ、それ以上に、新聞記者として密かに大スクープを狙っていたグレゴリー・ペックが、ヘップバーンの無垢の純粋さに気が変わっていく様が丁寧に描かれており、演技及びこの脚本の素晴らしさに感動。
934657,5.0,信じがたいほど美しい。,オードリーヘップバーンの異次元さを再認識。視力が上がったんじゃないかと錯覚するほどの美しさに見惚れた。現実で出逢ったらどうなってしまうか分からない。ストーリーは王女の定めへの反抗から街へ飛び出し、そこで出会うしがない男の親切さに触れ、恋に落ちてしまうというものだが、普段あまり恋愛映画は得意ではないのだが、この映画は癒された。内容はとてもシンプルで面白く、終わり方も変に擦らず綺麗に終わるため、満足のいくものだった。最後の長回しは何か起きるのかと心配になったけど。このオードリーヘップバーンをカラーでも見てみたかった。
1063611,4.0,実際にはあり得ないことだが、アイデアが素晴らしい,自由のない生活に不満を持つ女王様が街へ逃げ出してしまう偶然出会った新聞記者はスクープにしてひと稼ぎをたくらむ実際にはあり得ないだろうけど、楽しいアイデアだ
1059256,3.0,大切にしたい冒険じみた青春の感覚をローマの地で。,ヨーロッパを歴訪中のオードリーヘップバーン演じる某国の王女のローマでの1日お忍び観光。ストレスを発散する様に束の間の休日を満喫する大人の青春劇。グレゴリーペックは本当にカッコ良かった。パパラッチもいい奴で。本当に粋な奴らです。そして、やはり王女は王女らしく最後は元の場所に戻る。投げ出すこともできたはずなのに、第二次世界大戦後のヨーロッパのこれからのためにそれは出来なかった。そのための1日でもあったと思います。まぁ、でもやっぱ最後の2人が別れるシーンはちょっと切なかったですね。
988204,3.5,忘れられない一日,何回観てもオードリー・ヘプバーンの美しさ・かわいらしさにうっとりしてしまいます。たった一日でしたが、やりたい事をやって、誰かと恋に落ちて、生涯忘れられない時間を過ごしたアン王女。つかの間の自由、切ないロマンス･･･人生って限りがあるからこそ美しく、ドキドキワクワクできるのだなと感じます。
511064,3.5,素晴らしい,オードリーヘップバーンが美しく、話も最後まで楽しんで観ることが出来ました。あと30年経っても面白い作品。
1042607,5.0,伝説の女優の代表作,映画好きとしてこの作品を見ないわけにはいかないだろうと今更ながら初視聴。　オープニングで王女が各国訪問中のシーンでラッパ吹きながらダッシュしてるローマの狙撃連隊の方々の肺が心配になる…。勝手なイメージから純愛物のストーリーかと思いきやガッツリとコメディタッチでアン王女を演じるヘップバーンが大暴れ。タバコ吸うわスクーターをノーヘルで乗り回すわギターを人の頭叩き付けるわで良い意味で予想を大きく裏切られました。あんなスタイル良くて綺麗な女性なのに中身は思春期の少女の様に無邪気で明るくて…世の男も女も彼女に夢中になった理由がよくわかる。　てか本当にスタイル良すぎ。　ウエストどうなってんだホント…。当時のローマの住人の姿や街の活気は少し羨ましく感じた。　スクーターをノーヘルで2人乗り出来ちゃう所なんかは危険だけど、それが何故か自由を象徴している様にも見えた。これまで王女としての責務に追われ、周囲に過剰なまでに守られ自由がなかったアン王女を見た後だと、自由と危険、不自由と安全は一方が増えればそれに比例する物だと感じた。モノクロでも十分楽しめたし今後も何度も見る作品になると思うけど、いつの日か新たに映像技術が発展した時にヘップバーンの美貌や劇中のローマの姿をカラーで見てみたいと心から思える作品でした。
21165,5.0,何度見ても好きな映画,オードリーヘップバーンの映画では「昼下りの情事」と同じくらい好きな映画です。ローマの魅力とその当時のローマ市内、一般の人の生活の様子等、ノスタルジーを感じさせてくれます。最後は、二人が「昼下りの情事」のような展開になるはずはあり得ないので、無難な納得できるエンディングでしたね。
588351,5.0,世界が、好奇心で満ち溢れていたあの頃。,初めての〇〇がいっぱい。初めての冒険、初めてのボッチ…初めての”（いたずら）仲間”。初めての、淡い、恋？憧れ？でも、その裏で陰謀うごめき…。そして、心地いい、切ない終わり方。切なさが、想いを宝石にして、”信頼”という布で磨かれて包み込まれる。永遠に、大切に…。そんな物語が、品のある立ち振る舞い、きれいな言葉によるやり取り、清潔感あふれる豪華すぎないファッション。当時は最新だったのかな？バイクと言い、車と言い、カメラと言い、今ではアンティックな物。インテリア・エクステリア。そして憧れの観光地・ローマで繰り広げられる。鑑賞する度に、はまるポイントが変わる。　ただひたすらに、王女による小さな冒険に胸ときめかせた子ども時代。　あんな恋に憧れて、旅に出ては似たようなシチュエーションを期待した若かったころ。　いろいろな経験を積んで、心に残った「人生、ままならないものだ」という言葉。王女の変わっていく顔つき。ジョーの切ない、でも清々しい表情。児童文学の名著カニグズバーグ氏作『クローディアの秘密』にも似た感銘。　そして今何度目かの鑑賞では第三の人：アーヴィングにやられた。持つべきものは、ウィット・ウェットのわかる友達…。温かいものが広がっていく…。Ｗikiによると、最初は、キャプラ監督で、エリザベス・テイラーさんとケリー・グラント氏で制作される予定だったという。　キャプラ監督。この映画の原型ともいわれる『或る夜の出来事（1934年）』の監督。家出したお嬢様と、それをスクープしようとした新聞記者の話。一難去ってまた一難。二人の心模様の変化、すれ違いが面白かった。もし、こちらの映画もキャプラ監督が撮っていたとしたら、どうなったのだろう。DVD特典によると、あえて、カラーじゃなく、白黒で撮ったそうな。　その意図は忘れたけれど、白黒画面によってその品格が際立ち、”夢物語”であることを印象づけてくれる。（妙に生々しくない）役者もすごい。　オードリーさんのすばらしさは、誰もが異存のないところ。　グレゴリー氏もすばらしい。コメディタッチでも下品にならない格好良さ。プラス、懐の深さ。オードリーさんをエスコートしているような立ち位置に徹しつつ、そこに彼がいないと絵にならない。そして、全くの無名の女優オードリーさんの魅力が最大限に表現できるように、演技・演出を監督と工夫するだけでなく、その実力を認めて、自分と同じようにクレジットされるように取り計らう懐の深さ。　この二人にエディ氏。この方の善人ぶりが、二人をさらに輝かせる。監督もすごい。　完璧主義者と聞く。スペイン広場の時計映像に残るように、各シーン、取り直しの鬼なのに、全編を通して、”やらせ”のような舞台じみた個所はないどころか、一発撮りしたかのようなオードリーさんのフレッシュな魅力にあふれている。そんな演出に応える役者やスタッフもすごいのだけれど。そして、脚本。　籠の中から飛び出して、真の心の自由を手に入れる物語。しかも洒脱なやりとり・展開にあふれている。幾重にも鑑賞できる不朽の名作。年月を経ても色あせない古典だけが持つ味わい。こんな素敵な映画を作ってくれて、保存してくれて、修復してくれて、ありがとう。大人も子どもも心が躍るおとぎ話。永遠の名作です。
846879,5.0,娘に推薦した映画,"1953年の作品なんだねえ。何度か見ているけど、いつも感動するところは同じ。それに、シンプルな自然で綺麗なシーンが多くて、映画をゆっくりしみじみと鑑賞できる。スピードも速くなく、ましてや、汚い言葉を使っていないから言語の響きがよく安心して観られる。それに、面白おかしく何度みても気持ちよく笑える映画。こんな映画、好きだなあ。この映画でグレゴリーペックの名前が最初に紹介され、次はオードリーヘップバーンで、この映画は全てがイタリアで撮影されたと最初にでる。この映画は私にとってジョー　ブラッドリー（グレコリーペック）が主役で、彼の心に中が、欲から善に変わっていくところが好きで、そのなかで、彼女を好きになって、自分について真実を言いたくなり、金銭をもうける機会はどうでもよくなっていくところがいい。この映画でジョーの心の動きを追うのが好き。最初はアニャのことを信じてなかったから、二度もポケットの中の自分のお金を確かめている。その後、アニャ（アン王妃）とジョーの間には、お互い好きになる前に、すでに信頼関係が成り立っていたと思う。「真実の口」で手を失うと言う真似をした（嘘）ジョーにアニャはいたわりの言葉をかけている。その後、ジョーが何を祈ったのか聞いた時『チャンスはちょっとしかない』とアニャは答えたが、二人は近づいていることがわかる。それに、アニャが一言『completely unselfish 』とボートの上でダンスをしながら言う。ジョー、米国の新聞記者(Ammerican News Service)は目を伏せる。これをネタに大儲けを企んでいるというやましいことをしているからアナの顔を直接見られず、バーの方へ行こうとはぐらかしたようだ。でも、ジョーの顔つきが一瞬止まったことを私は見逃さなかった。それでも、彼は目的を果たすために、散髪屋の名前をメモに書き込んでいる。その後、金儲けにアニャを利用しようとしている行為が徐々に愛に変わっていく。ジョーはこれをスクープにすることに、躊躇感を抱きはじめていて、アニャを好きになっていくことに戸惑いを覚えていくのが伺える。ボートの上でダンンスを終え、警察の目を逃れ川に飛び込み、岸まで泳ぎ、二人がキスをするシーンがあるが、そこで、ジョーは自分の行為にうかつだったというように『I......』。。I guess,,,アービンの車のところに、。。と言って、自分がアニャを好きになってしまって困ったような言い方をしている。最高のシーンだ。最後のプレスが集まって、アン王妃にインタビューをするシーンがある。カメラマン、アービンがアン王女の写真をライターで撮る時、アンが気づく。でもジョーブラドリーは微笑む。アンがプレスと個人個人に会いたいという時アービンはローマで撮った写真を渡す。ここで、三人の信頼が保障される。思い出の写真を抱えていくアン王妃、ジョーの気持ちをそっとしてあげて立ち去るカメラマンアービン。もう一度、アンに会えるかもしれないと振り返るジョーブラッドリー。1953 年の映画だからね？　なにか『二人が結ばれたらいいなあ』と、自分で勝手に想像するする。蛇足：私は以前この映画を娘に見るように勧めたらしい。先日娘がそういった。『ママは細かいところまでみているねえ』と。"
893591,4.0,すべてが刺激的,時代の背景、音楽、人、すべてが刺激的にみえた。ヘプバーンが美しいのはもちろん、コメディありきのストーリーがあの時代にあんなに美しく綺麗にまとめられて表現できるなんて本当に感心の一言。
894239,3.5,王女がローマの街で暴走行為で警察に捕まる。そして、名場面である真実...,王女がローマの街で暴走行為で警察に捕まる。そして、名場面である真実の口あたりがお気に入りのシーン。
421420,5.0,どの国もそれぞれ....ローマです,王女に自分の意志で戻る、その時にすごいキリッとしている姿に熱くなった。写真でここまでの楽しさが脳内リバイバルされる脚本も素晴らしい。3人だけの秘密どうするどうなる感も後を引く。最後の最後にもう一回見せてきて写真の使われ方すごいなと思った。物凄い良ラスト。
514757,3.5,少し,ラストに泣いてしまった
955831,4.5,20～30年ぶりに観た　→　これは、やっぱり名作だ,面白かった場面や感想、等1＝25～28分：アン王女がジョーの部屋（推定6～8畳）に入った時の言葉、　　　　　　「ここはエレベーターですか」　→　笑った2＝32～38分：ジョーと支局長の会話　　　　　　前提条件＝アン王女は発熱で本日の行動は全キャンセル　　　　　　①それを知らないジョーは、出勤が遅れた理由を聞かれ、　　　　　　②「アン王女の記者会見に直行してた」と虚偽の報告　　　　　　③支局長がトボけて、記者会見の内容やアン王女の服装を質問　　　　　　④ジョーは、作り話で回答　→　面白かった3＝57分：アン王女が美容院に入り、長髪をショートカットに変更　　　　　　見た目が大変化　→　印象深い4＝78分：ジョーが、「真実の口」で噛まれた演技をしてアンを驚かす　　　　　　→　面白かった5＝「有名人が無断外出して、休暇・観光を凡人と楽しむ」は、　　　　　　他でも、偶に見るストーリー　→　この映画が最初かな　　　　　　①60％似＝「水戸黄門漫遊記」　　　　　　②90％似＝1978.12月発行：サイクル野郎30巻、他6＝小生も、誰か有名人と、こんな事があったら、人生の良い思い出になる　　　　　出来たら、好きな芸能人とこんな事があったら嬉しいな　　　　　妄想：吉永小百合、和泉雅子、松原智恵子、十朱幸代、等なら最高7＝この映画の評価　→　面白かった
964463,5.0,キュートで愛らしいオードリー,オードリーヘップバーン扮するアン王女は、イギリスを皮切りに各国を訪問していた。連日の公務をこなしローマで舞踏会に出席したあと疲れてパジャマを着たいなどと言ってイラついていた。アン王女は、夜こっそりと抜け出しローマの街中へ繰り出した。しかし、探検中鎮静剤が効いて寝入ってしまったところグレゴリーペック扮するジョーブラッドレーアメリカ人記者は自分のアパートに連れて行った。DVDを購入したりしてキュートで美しいオードリーヘップバーンを幾度観た事か。最近、グラウンドファンディングで、このローマの休日をカラー化しDVDを販売していたが、モノクロでも十分ではないか、むしろモノクロのままの方が雰囲気があるのではないだろうか。美しさばかりでなく、ストーリー展開においても意外性と、好奇心旺盛で新鮮さと愛らしさが満ちあふれた姿にアン王女とオードリーが重なって魅了されるね。誠に名作だ。
241218,4.0,名シーンを堪能,世界的に有名な作品ですが、初めて観ました。オードリー・ヘップバーンの美しさが爆発しています。容姿もそうですが、どんな動きをしても美しい。こんな美人で魅力的な女優さん、今に至ってもいないんじゃないかと思った程です。先にティファニーで朝食を観たのですが、そっちよりも断然アン役がハマっていると思います。忙しさと王女という責任の重圧に、情緒不安定な序盤。それが新聞記者とのデートで変わります。街に繰り出すアンはとってもチャーミングで、出会った誰からも愛されるような人物。それが恋に落ちてハッピーエンド♡では終わらず、冷静に決断をします。大使館に戻ったアンはすっかり大人の王女になっていました。たった1日のデートで大きく成長したアンの、ラストの取材シーンのやり取りは胸が苦しいくらいです。もう少し時が経ったらもう一度見たい作品です。
958872,5.0,ロマンチックラブストーリーの傑作！！,何を書こう、なんて言えば伝わるのかな？たくさんありすぎて、まとまらないので、好きな場面や思い出した場面を書きたいように書きます。たぶん、初めてみたのは昭和40年代のテレビ、吹替だろう、そう池田昌子さんの高貴なお声がバッチリオードリーにマッチ、ここですでに惹き込まれたのを思いだします。ジョー役のグレゴリーペックは城達也さん、あの太くて渋い声質がこれもイメージピッタリ！可憐で気品あるオードリーの王女とニヒルな大人の新聞記者グレゴリーペック、姿かたちが美しすぎる、かっこいいなー！うっとりです。出会いから夜をともにして（何もなかった）一日デートするまでの展開は結構危うい、電話しに外に出てる間に王女に逃げられたらどうすんだ！？って冷や冷やしてました。デート中の大事な演者、理髪師とのエピソード、このシーンも珠玉で、一部が今でもCMに使われるほどオードリーが美しい！断られても誘いまくるところがイタリア人で職人ながらどうしてもダンスに誘いたい演技がいい味出してます。そりゃー、あんな絶世の美女二度と会えないもんなー。次は大事なカフェのシーン。記事にするには写真が欲しいジョーは、電話で呼びつけていたアービングと合流し、ジョーの企みがなかなか理解できないアービングといろいろドタバタが始まる、王女のシャンパン代を払うのにアービングから借金していよいよ遊びつくしのデートが始まる、さー遊びまくるぞーって観てるこちらもあちこち動き回りローマ観光気分が味わえます！ここがこの映画のもう一つの楽しみです。それからは、バイク二人乗り、真実の口（アドリブあり）、ドタバタをやって、私が一番びっくりしたのは、バイクで露店をなぎ倒し、警察につかまって、ジョーが二人は結婚するとか何とか言ったら、警察も被害者たちも許してくれ、毛むくじゃらの男が王女の口にキスした場面、演出なのか、まじかーって思ったら、オードリーもにっこり笑って流してた、あの俳優も一生の宝だろうな。そして、最高の場面が近づく、サンタンジェロのダンス会場！もう、ここは映画史上に残る笑いあり、サスペンス要素あり、そしてロマンスありの最高の場面。ナンパしてきた理髪師と再会、そしてダンス、踊り方が二人とも最高に絵になる、そして王女を探しにきた隠密ガードマン達、ここでも記事のために写真をとりまくるアービングの演技がすばらしい、叫び声をあげる王女がさらわれそうになると、そこからはドタバタアクション、なんとジョーを助けるために王女が敵をギターで一発！しかし、敵が川に落ちると助けるために浮き輪を投げるなど王女が大活躍！現地ポリスに隠密ガードマン達が御用、そして現場を逃れた二人が川へ飛び込む、そこからは、大人のラブロマンスシーン、最高の場面、難を逃れたびしょ濡れの二人が、すこし言葉を交わすと、見つめ合い即座に思わずキス！息を飲みます、美しい二人、これは日本人では絶対に、成り立たない。（蛇足ですが、松嶋奈々子と堤真一もやまとなでしこでびしょ濡れでキスはしましたが、比較にならない。）そして、ついに別れの時が、ジョーの部屋でシャワー浴び、服を乾かし、こんどは私が料理を作ってあげるわ、とか他愛無い話もなぜかさみし気、ラジオでは王女の重病を疑うニュース、パチッとラジオを切るジョー、やはり別れたくない、でも帰らなければならない宿命、またも抱き合い愛を確かめ合う二人、すごく自然なながれでまったく違和感がない美しさ、そしてついに学校（お城見たいな場所）に戻るとき、二人はすべてをわかり合っている、でも、ことばは少ない、迎賓館のような門の少し離れた場所につくや否や、今度は、ジョーが、王女を抱き寄せ熱い抱擁とキス、もうこれ以上ない切ない場面、お互いに元の場所に戻らなければならないことはわかりながらも、愛を確かめ合った二人。そして現実に戻り、大スクープを賭けた編集長がジョーのもとへ記事の催促、もったいぶらずに早く出せと、とそこへ間が悪く現像を終えた写真を届けにアービングが、でも、編集長のやりとりがなぜか浮かない表情のジョーに気が付くアービング、必死にスクープをひた隠しにするジョーの姿が何とももどかしい。結局、記事にはしないというジョーの態度に、最後のとどめに、ギターショットの写真とかをアービングは差し出すが、やはり記事はかけないとジョーは言う。なんとなく、察する悪友のアービングはがっかりするも退散する。そして、王女の回復の会見に二人は向かう。そこに現れたのは、ショートヘアのまさにあの美しいスミティ。記者からの質問にヨーロッパ訪問で印象に残った土地はどこですか？の質問に、いずこも同じと言いそうになったが、いや、ローマです、とはっきり言葉にすると、ざわつく会見場。それは二人がまたも愛を確かめ合った瞬間でした。そして、異例の記者たちと交流、各国の記者と言葉をかわし、握手を、そしてジョーの順番、アメリカンニュースサービス、ジョーブラッドレイ、かっこいいなー！こおでは軽く挨拶のみ、そして、アービングの番、すると何か封筒を手渡し思い出にと、王女写真を確認、目を丸くする、アービングライターを出し、種明かし、しかし王女は取り乱さず、感謝の意、もう、最高のペーソス、ユニークで品がある、笑いと悲しみ！そして、最後の別れ、王女はにっこり手を振り、ジョーと目と目で確認、なんて素敵な友情のような愛、王女はゆっくり去っていく。そして、記者たちも立ち去り、アービングも声をかけず、静かに立ち去る、ジョーは誰もいなくなった素敵な会見場にたたずみ、思いにふける、そして王女が去ったあとをいまいちど確認して、出口へゆっくり進む、このシーンはもうただただ胸にジーンと深いものがこみあげ、涙なくしては見られません、なんて素晴らしい映画だっていうのが毎回思うこと。オードリーヘップバーン、このすばらしい女優に出会えてほんとうに幸せです、かわいいし、気品があるけど、鼻につかない人間性、どこか庶民ぽいところも魅力です。私事ですが親戚のおばさんがグレゴリーペックが大好きだったそうです、姿形もそうですがなんていうか大人で包容力がある表情に声質、おばさんがあこがれるもよくわかります。これほど美しいロマンス映画は二度と出ないと思います、永久にないかもしれません、そんな珠玉の名作です！まとまりのない文章で失礼しました。
580577,4.5,20年ぶりぐらいに見たけどすごく良かった。 映画館で画面いっぱいに...,20年ぶりぐらいに見たけどすごく良かった。映画館で画面いっぱいに白黒の名作を観れる贅沢。無音のシーンがすごく多いけど自分の感性が全力で働く感じがしてより印象付けられる。オードリーはため息が出るほど美しい。昔の習慣や言葉遣い、リラのお札なんかも興味深い。
318142,4.0,永遠に続く、たった1日の恋を,リバイバル上映で初めて拝見しました。超有名、名作映画ですが正直あらすじも何も知らず、オードリーヘップバーンがジェラート食べる映画だよねくらいの認識しかありませんでした。中盤まで、名作に名を連ねる割にはだんだん退屈に思えてくるお忍び休日ライフを見させられてる…思ってたよりラブコメディだ…という気持ちになってたんですがラストシーンでなるほどこれは名作…と思わざる得ない出来。自然と恋に落ちる2人、一生忘れられない思い出として輝かしい1日が2人の心に残る。言葉では多くは語れないが、瞳を見れば思いは伝わる。目で語る、演者の演技も素敵でした。
942309,4.5,ウィリアム・ワイラー監督とオードリー・ヘプバーンの奇跡の出会いが生んだ名画,ウィリアム・ワイラー監督としては、「女相続人」「探偵物語」「必死の逃亡者」「大いなる西部」「コレクター」にある演出技巧の鋭さはない。しかし、この浮世離れしたロマンティックコメディを万人向きに平明に楽しく、そしてラストは心に深く刻む様な余韻を残す余裕の演出技量は流石だと思う。そして何より、彗星の如く現れた妖精オードリー・ヘプバーンの清楚で魅惑的な美しさが、他に例えようのない神聖さで映像に遺されている。当時のハリウッド女優は、マリリン・モンローに代表される肉感的な肢体と男性に媚びる仕草の色気を備えた美女が多かったと思われるが、その固定観念を壊して、更に自立した女性の理想の生き方を演じ続けた。同性からも異性からも好かれる稀なスターとして永く愛されているヘップバーンがアン王女を演じたこのデビュー作品は最適であったし、また運命的だったと言っても過言ではない。この企画は当初フランク・キャプラ監督エリザベス・テイラー主演で映画化しようとしていたという。コメディ色の強い作品になっていたと想像すると、やはりこれはワイラーとヘップバーンで最良というべきの奇跡のめぐり会わせであったと思う。原案・脚本は、「ジョニーは戦場へ行った」の執念の監督ダルトン・トランボで、今回クレジットに表記されていて驚いた。調べてみると2011年に正規の記載になったとある。赤狩りによる苦難の時期、その逆境にあって王女と新聞記者の一夜の恋を題材としたロマンティックコメディを創作したというのは、何か特別な意味を感じさせる。グレゴリー・ペックとエディ・アルバートのやり取りのギャグに笑って最後に行くと、ラストシーンのペックとヘプバーンのアップカットが何とも言えない。無音の映像にあるアン王女の想い、ブラッドレー記者の想いが響いてきて、感無量となる。この余韻こそが、映画の良さ、映画表現の神髄といえるだろう。
291759,4.5,☆☆☆☆★★ 朝１０時には無理だが、平日の夜７時なら観に行ける。 ...,☆☆☆☆★★朝１０時には無理だが、平日の夜７時なら観に行ける。おそらく１０回以上は観ている筈なのだが、ひょっとしたらスクリーンでは初鑑賞になるのかも知れない。初見はまだ子供の頃だったが、大号泣したのをはっきりと憶えている。その後何度も再見するも、グレゴリー・ペックの演技であったり。最後の最後に至る２人の感情表現であったり…と。色々とケチを付ける様になって行ったものでした。まあ、少なくともダンスパーティーの場面までペックは騙すつもり満々だったのは明確なのだけれど。今改めて観直すと、ワイラーの神懸かり的な演出に、Ｄ・トランポの完璧と言える脚本上での緻密な積み重ねには驚嘆してしまう。（それにしても、宮崎駿は本当にこの映画が好きだよね〜）そんな。今となっては、若かりしき時期に於ける若気の至り…ってヤツで。頭の思考が〝 目立たないが地味な良作を掘り起こそう 〟等とゆう（明らかに駄目な）シネアストを気取り。間違った思考バリバリゆえの、名作と言える作品を無理矢理に貶していた日々があったのを恥じるばかり。それにしても。クラシックなモノクロ作品には、様々な色彩が鮮やかなのを感じ取れる。それも素晴らしいのだけれど、エンディングでシンプルに【 The End 】と表示され、余韻が最高に盛り上がった瞬間に映画は終わる。最早、現在の映画では。この余韻を味わう事は永遠に叶わないのだ…。２０２０年４月２日 TOHOシネマズ日本橋/スクリーン９
457210,4.0,最高のスクリーン映え！,スクリーンでオードリーを観ているだけで２時間飽きない。これ程に気品ある可憐さを持った女優は映画館で観ないともったいない、と素直な感想だ。タクシー運転手やアパートオーナーなど細かな所までキャラクターや演出が行き届いていて、見応えもある。もちろん、禁断の、叶わぬロマンスは言うまでもなく素晴らしい。オードリーが美しいだけではない！！
849817,4.0,通過儀礼,新型コロナウィルス感染拡大により、3月の予定がほぼ全てキャンセルになり、また外出するのも憚られ、いきおい自宅リビングでの映画三昧に耽っています。中でも、旧作名画スタンダードをピックアップしている中で本作を観賞しました。あまりにも有名な、映画史に永遠に残る作品であることは今更言うを俟ちません。ただ冷静に観ていると、実に他愛ない取るに足らないストーリーです。言わばローマ観光地巡りというような、単なるご当地PR映画という類のスジなのですが、何故だか観終えて心が温まり、活力が漲ってくる気がします。映画全体に気品があり、洒脱な雰囲気に満ち、優雅な気分に酔わせてくれる。それは何よりも、本作が銀幕デビューだったオードリー・ヘップバーンというキャスティングに尽きると思います。彼女の醸し出す可憐で清楚で上品な美しさが、この作品全体をまろやかに包み込んでいます。67年前の映画とはいえ、「笑って」、「泣いて」、そして「（手に汗）握る」という映画に求められる三要素がナチュラルに詰まった、映画として完璧な出来に仕上がっていることが判ります。而も、その展開のテンポが実に心地良い。あまり寄せカットがなく、更に変則的なカット割りやパンもないので、観客は全く緊張感なく寛いだ気分で安楽に弛緩した心持ちで映像を眺められます。本作は、単に軽妙なだけではありません。基本的にはラブロマンスですが、甘く陶酔するだけでない味わいを感じるのは、オードリー演じるアン王女が、少女Girlから淑女Ladyに蛹化し羽化していく通過儀礼プロセスを、2時間の儀式ドラマとして描いているためです。アン王女にとって、ローマでのたった一日の”休日”は、単純なアバンチュールではなく、決められた通りに振る舞うだけの子供だった少女が、確固とした自我を持ち己の判断で行動する大人の女性に脱皮する、崇高で厳粛な成長譚であった、といえます。寝所を抜け出す際のコミカルさが、戻る処の堂々たる重厚さに描き方が明らかに硬質化しているのは、その証左です。この奥行きの深さゆえに、本作は永遠の名作として、これからもその名を留め続けることでしょう。
412977,5.0,amazonプライム再鑑賞,遠い昔に見た記憶あるが再び鑑賞。全く色あせていない。白黒映画だというのに、まるでカラーの様に鮮やかに伝わってくる映像とオードリーの華やかさ。60年たっても色あせない名作中の名作だな。やっばり。
65435,5.0,これは絶対、見るべき作品,一言「なぜ今まで見なかった、私！」。1953年公開。チャップリン「ライムライト」公開の頃。不朽の名作ですね。ざっくり感想。◎よかった点◎・所々見聞きしてて、「ラブコメなんだろうな」と観てなかったけど。ハプニングで城から出てきたアン王女と、偶然出会った新聞記者ジョーのやりとりが。いやいやどうしてハラハラドキドキ、コミカルな面も多く。それでいてちょっと胸キュン。飽きさせない展開が、実に興味深く時間もあっという間の2時間。・見たのは多分リマスター版。だからか、白黒映画のシンプルさが際立ってました。ストーリーもシンプルだしね。・ヘップバーンの輝きは、もうキリッ＆キュート満載ですが。実はグレゴリー・ペックの紳士ぶり（出てるの知らなかった）も、めちゃくちゃかっこよかったです。△いまいちな点△・なし！いやー予約消さずによかった。こんないい作品見ずに、映画好きって言ってたのが恥ずかしいくらい。それくらいナイスな作品でした。ちょい涙もうるっと。女の子だもん、ね。
926482,5.0,名作！,グレゴリー！めっちゃイケメン！無駄がない。脚本、映像、音楽、キャスト、すべて最高！オードリーはもちろんですが、カメラマンが本当にキュートでした。
872543,4.0,永遠の都ローマ,窮屈な王室の生活から抜け出して、ローマで靴を買い、髪を切って、ジェラートを食べて、観光地を巡り、恋をする…束の間の自由を謳歌するものの、最終的には元の生活に戻ることを選択する。これまでは周囲から「押し付けられていた」王女のイメージを守っていたが、おそらく初めて自ら「選択」した行動だったのだろう。王女としての立場に迷いが無くなり、より芯の強い女性に成長した姿が印象的に描かれている。この映画が共感を呼ぶのは、窮屈な現代生活から抜け出して旅行を楽しみ、また日常生活に戻っていく我々に何か通ずるものがあるのかもしれない。いざとなれば、いつだって人は「自由」を選択できるのだから。
922823,5.0,夢のひとときと目覚めのとき,オードリー・ヘップバーンの王女としての凛とした美しさ、1人の少女としての悪戯な可愛らしさ、恋する乙女の可憐さと同じ女性の中に秘められた魅力。相手役を務めるグレゴリー・ペックの新聞記者としての抜け目なさ、大人としての立ち居振る舞い、少年のような無邪気さと同じ男性の中に秘められた沢山の顔。2時間程度なのにそこにある主人公の感情や心情の情報量が非常に多く、しかし無駄なものは一切ない黄金比のような美しさが感じられる。一粒で何度でもオイシイ傑作(๑´ڡ`๑)最後のシーンも潔く、多くの感情が込められたセリフに心がギュッとなる。
878037,4.0,まるで一夜の夢のような映画,「人生はなんでも叶うわけじゃない...」切ないんだわ、、、僕はこの映画の別れのシーンで眠りについたので、朝起きるとまるで夢のような気がして「儚い恋なのだなぁ...」と思うのでありました。
874283,5.0,さすが名作！！,前にテレビで観たことがあった様な気がしますが、ちゃんと観たのは初めて。一言でさすが名作！！オードリー・ヘプバーンの美しさ、気品、相手の男優のグレゴリー・ペックのカッコ良さが素敵だった。ラブコメディって言うだけあって、面白さも最高！！お互いの立場を思いやる、無言のラブロマンスに涙が溢れました。
272971,4.0,ラブストーリーのお手本,午前10時の映画祭で鑑賞。まあなんといってもオードリー・ヘップバーンが可愛い！大人っぽい表情の美しさもあれば、時にはお茶目な可愛らしさがある。ロミジュリ的な格差がある男女の恋愛ラブストーリーのお手本のような作品。プラスそこに身分をバラさないサスペンス的要素や逃走劇要素も含まれており、見ている人を飽きさせない工夫がある。またローマの舞台も魅力的に描かれており、まんまとローマに行ってみたいと思った。
690553,5.0,Excellent Classic Romantic Movie,I don’t believe Roman Holiday was made in 1950’s. It still touch us beyond century.
309838,4.0,15年くらい前の二十歳ぐらいの時に観た時は、とてもシンプルな話だな...,15年くらい前の二十歳ぐらいの時に観た時は、とてもシンプルな話だなぁくらいの印象で今観ると、オードリーヘップバーンが凄く可愛いし、スクープとして金のために執着するも、当人の美しさを大切にしたいっていう気持ちもわかる。（今だとカメラがないとかが新鮮に見える。）・とにかくオードリーヘップバーンが魅力的で良かった。・登場人物に私利私欲に囚われたような嫌な奴がいなくて観ていて気持ちが明るくなった。・城でのシーンは以前、物足りなく感じられたけど、今見るとオードリーの活劇が凄く迫力もあって良かった。・写真家の友人？も、良い人で良かった。・ラストシーンも切なくて良かった。・リラが長くて驚いた。為替もドルの高さに驚いた。
729870,5.0,人類史上最高のロマンス映画,その前に、オードリー・ヘップバーンって人間？人類？私たちと同じホモサピエンスって言う生き物？違うDNA持ってないですか？高貴にして愛らしい。凛としてキュート。うーん、美しい・可憐・可愛い、などのありふれた言葉で、ショートカットのオードリーを形容する事は出来そうにありません。ななな、何なんでしょうか、この表現不能の美しさw好きになってはいけない女性。好きになっても、どーにもならない女性。義務のため、男性を好きになる事など許されない女の子。24時間を共に過ごした二人は、それをわきまえ各々の生活に戻ります。人生でたった一日だけの輝きを共有した二人の物語は、愛というよりほんのりしょっぱいロマンス。二人だけの秘密を胸に抱えて、歩き出す二人に幸あれ。レトロな脚本を、リアルに、芸術的に、完璧に完成された画で見せてくれる「ローマの休日」。こんな映画、もう誰にも作れそうにない気がする。オードリー・ヘップバーンと並ぶような女優さんが、まずは見つからないだろうってのもあるけど。やっぱり、良かった！ものすごく！午前十時の映画祭で鑑賞。シアターがいつもより広かったにも関わらず、ほぼ満席。私が経験した「午前十時」で最多の入りでした。
593143,4.5,新聞記者がいい人なのはある意味ファンタジー,(午前１０時の映画祭）新聞記者がいい人なのはある意味ファンタジーで、現実世界なら記事にするだろうなあ。それだからこそ、映画としては文句なしです。カラーなら満点だけどモノクロだからちょっと減点。
400246,5.0,私の替玉な人,"何と言ってもローマです。ここで過ごした時をいつまでも懐かしむでしょう。アン王女のロマンスと成長。新聞記者ジョーの思惑と目的、心情の変化、狂おしいほどの未練。共に楽しい時を過ごし、昂ぶる気持ちをほんの少しだけ重ねた二人が選んだ、選ぶしかなかった形に大号泣。決して振り返らないで。私もそうするから。形式的なゴアイサツ、足を締め付ける靴、たたみかけるスケジュールにウンザリする少女。王女としての生活は冒頭に少し描かれるのみだけど、ド庶民の私にも伝わってくるその窮屈さ。羽伸ばしていいじゃない。好きなことしていいじゃない。ちょっと抜け出していいじゃない。豪勢なドレスを纏う姿よりも、ボウ付きブラウスにサーキュラースカートを着た姿があんまりにも可愛くて、目を奪われてしまった。オードリー・ヘップバーンの可憐な容姿についてはそりゃ承知していたけど、スクリーンで動く彼女はちょっと想像以上に""替玉""で。普段はうだつの上がらない新聞記者のジョーが放つ、ダンディでユニークな空気も堪らない。何だその若い渋みと色気とかっこよさは。許せない。好きすぎる、魅力的すぎる、替玉だ、替玉30丁、ヘイお待ち、いや違う。協力者カメラマン、アーヴィングのコミカルな立ち回りと気の利いた行動も好き。ジョーのごまかしで必ず飲み物をこぼされ転ばされる不憫さが好き。写真のセンスはピカイチ。ライター式カメラの種明かしのシーン、アン王女の「全く…！」みたいな表情も、いたずらっ子みたいなアーヴィングの表情も最高だった。思うがままに遊んで回ってみる一日。底にある計画が生む微かなすれ違いや小競り合いがまた面白い。思い切ったヘアカット、日差しの下で食べるジェラート、ベスパでのお転婆、真実の口でじゃれ合い、願いの壁に想い、船上のダンスパーティー、王族にあるまじき弾けた反骨の行動。ご丁寧に二回繰り返した王冠授与の時の弾ける笑顔よ。楽しい時間を過ごす2人(+1人)を観ながら、頭の隅を常に掠めていた切ない予感。それが爆発する終盤はもうだめだった。涙と嗚咽が止められない。癇癪を起こしていた少女も天真爛漫にはしゃぎ回っていた少女もそこにはいなくて、ジョーの未練と私の未練が重なる。煌びやかなドレスはやっぱり美しくて、凛とした顔つきに堂々とした振る舞いに感じる進化。全て投げ出して2人台所のある家に引っ越しても良かったのに。存分に遊んで、人を好きになって、逆に芽生えた義務の意識。冒頭ではうんざりしていたゴアイサツも自ら丁寧にこなしてみせる、とても1日だけ挟んだとは思えない成長っぷり。でもきっと、また嫌気が差す時もあるだろうし、知らない世界を見て回りたい気持ちだって無くなりはしないでしょう。そうなった時、そうさせてもらえる環境であってほしいし、そうなるように彼女が縛りを変えてほしい。そして、二人過ごした1日間を思い出していつまでもいつまでも大事に取っておいてほしい。ジョーは最後、たくさんのたくさんの想いを抱えながら廊下を歩いていただろうな。側で観ていた私でさえそうなんだから、きっと私の何倍も巡り巡る気持ちがあるだろう。しばしの喪失感の後、記者の仕事に身が入っていくのかな。アン王女のように。ままならぬ人生、映画が終わっても時間は進む。いつかどこかでアンとジョーの邂逅があったりしたら嬉しいな、と思いつつ、そんな時が来なくても良いのかな、とも思う。そういえばお金は郵便で返してくれたのかしら。かしこまった「Thank you.」の発音が好き。午前10時の映画祭にて、初見。この作品をスクリーンで観られて本当に嬉しい。昔の作品ってスタッフも演者も亡くなっていることが多くて、それを考えてしまうと気が狂いそうになるけど。"
623602,3.0,午前10時の映画祭,見た。3回目ぐらい？王女がローマ訪問中に抜け出して新聞記者と会う。その肩書きはお互い隠したまま。もともとは王女のスクープを撮ろうとした新聞記者も王女に魅かれて記事は出さず。終わり。王女みたいな皆が羨ましい人でも苦労はあるんやな。
651993,3.5,名作,午前十時の映画祭で鑑賞。初めて見た。60年以上も前の映画だけど、面白かった。名作は時代を経ても色あせないなと思った。
825458,4.5,こんなの、ローマに憧れる。,朝映画館に行って見に行って来ました！とても有名な作品なので一度は見たいと思っていました〜上映されると知ってルンルンで鑑賞しました！ストーリーはよくありがちといえば悪いように聞こえますが、、少女漫画やロマンチックな映画の王道！！と言った感じでした。あー素敵。これはローマに行って階段に座ってジェラート食べたり真実の口に手を突っ込んでみたくなりますね。たまには思いつきで髪の毛をバッサリ切ってしまうのもいいかも。笑お話の流れはとても分かりやすく、時々フフッと笑えて白黒の画面を気にすることなくついついメインの2人を応援したくなります。このまま2人で楽しく過ごせたらいいのに、、追っ手がいる緊張感やアンの危なっかしさ、お互いに付いている嘘。このどれもがとてもいい刺激で映画を盛り上げてくれました。最近は恋愛映画はほとんど観ることが無かったのですが、今回はやはり見て正解でした！ただ青春を送っているようなローマでの2人の爽やかなシーンはこっちまでワクワクしました。有名な作品だけあって、色々なところでオマージュされていたのでなんとなく話の流れやラストシーンは知っていたのですが、やっぱり映画館で観てよかった。夢があって、切なくて、素敵な映画でした。
155483,4.5,“The wall wishes come true“ 　願いは叶わなくても...,魅力的な唇のためには、優しい言葉を紡ぐこと。愛らしい瞳のためには、他人の美点を見つけること。by オードリー・ヘップバーンオードリー・ヘップバーンの永遠の名作を午前10時の映画祭にて鑑賞。白黒ですし古い映画なので「自分には合わないかも知れないけど、有名なんで映画好きの義務教育的に一応観とくかぁ」ぐらいの気持ちで観に行ったのですが、意外や意外面白かったです。本作で一気に名を上げたオードリー。実際に観てみると納得でした。王女という重圧に嫌気がさしてるちょっと子供っぽく見える序盤から、生き生きとローマを散策する姿、そして、自分の人生を受け入れ凛とした女性に成長した最後までどのシーンを取ってもメッチャ素敵でしたね。個人的に一番のお気に入りは追手の頭をギターで叩いてるショットでした。願いの壁ではきっとあのまま自由になる事を願っていたと思います。それでも王女になる事を選んだアン。自分の責任を自覚した姿はとても凛々しく見えました。カッコいい女性だ！そして最後のジョーとの別れの握手が切ない！あ、さりげなくローマの写真を渡すアーヴィングは粋でしたね。よく考えると公開された1953年ってまだテレビも一般的に普及されていないぐらいの時代なんですよね。今と違ってそれこそローマの景色とかまず観る事がなかった時代。やたらとローマの景色を映してあったので、きっと当時の人は映画を観て遠いローマの地に想いを馳せていたに違いない。そんなローマでのラブストーリー。こりゃヒットしない訳がないですね。今観ても充分面白いので当時観てたら今よりもっと楽しめたんだろうなぁ。やっぱり映画は時代を映す鏡ですね。古い作品なので敬遠されがちですが、本作は永遠に輝きを失わない名作だと思います。オードリーの美しさと共にいつまでも。
802728,3.5,美男美女,オードリー美しいグレゴリーイケメン
521007,3.0,まさかのオープニングからの,ベタ展開。いやいや、、まあいいか。って感じ
846454,5.0,だって王女さまですもの。二人の万感の別れがいつまでも忘れられぬ余韻を残す。あり得ない話が20世紀の神話となる瞬間に立ち会わせてくれる映画のマジック。,①今までTV等では数え切れないほど観てきたけれど、映画館の大スクリーンで観たのは初めて。やっぱり泣いてしまった😂ラストのオードリー(アン王女)の顔があんなに細やかに感情を表していたことに初めて気づきました。②ダルトン・トランボの見事な脚本、ウィリアム・ワイラー演出の名人技、オードリー・ヘプバーンの新鮮な美しさと演技、青年らしさを残しつつ懐の深い演技で新人のオードリーを支えるグレゴリー・ペック。これだけ揃うと面白い映画が出来ないわけがない。③考えて見ると(考えなくてもわかるか)、これ１日での出来事なんですよね。④故淀川長治先生の“さよなら、さよなら、さよなら”が久しぶりに見れて懐かしかったです。
794043,5.0,「それぞれの都市にそれぞれの魅力があり………ローマ。」,生涯best10に入れるほど本作を気に入っている自分は、なんとモンロー派である。だから贔屓目なしで評価できる。オードリー・へプバーンの魅力が最大限に発揮される工夫が凝らされているし、抵抗感なしに作品に入り込めるように造ってある。名作。(続く)
253318,4.0,オードリーの可愛さよ,どっかの国のアン女王がヨーロッパ周遊中のイタリアで新聞記者と出会って恋に落ちる王道ラブストーリー。.プリンセスというかお金持ちお嬢様あるあるのこの生活つまらないから抜け出すわ🎵のノリで豪邸抜け出して、道端で爆睡してるところを新聞記者ベックに拾われる。.そのシーンがほんと、世間知らずというか、あんなに可愛い人が夜に道端で酔っ払った感じに寝てたら日本だったら絶対さらわれてるよ確実に（笑）..逆に何もしなかったし、もはや面倒がってるベックすごいな。そんな男いるか？（笑）..白黒だけど今見ても充分笑えて面白い☺オードリー白黒であの可愛さとか色着いたらどんだけ可愛いの。.
822800,5.0,感動,モノクロ映画なので、避けてきたところがあるが、見てみたら本当におもしろいし感動する。最後は本当に感動。
815273,5.0,真実の口,真実の口に手を突っ込み手が無くなるフリをするシーンのオードリーはマジの反応。というのを散々聞かされました。授業で。だから、オードリーはすごく純真で、とっても可愛い本物の女優さんであると、何度も聞きました。何度も。もう オードリーが可愛いのは分かったよ！この授業はオードリーのかわいさを習う授業なのかい？そう思いながらこの映画を観ました。私がこの映画をおススメする理由はひとつ。オードリーが可愛いです。
637158,4.5,言わずもがな。,15年振り?にスクリーンで観ました。終始ヘプバーンの美しさにうっとり涙。クスッと笑えて、ロマンチックで、あ～観てよかった!と誰もが思うのではないでしょうか･･･。
777715,4.5,ロマンチック,素敵なロマンチックストーリー。オードリーヘプバーンがとにかくキュート。時代を超えても色褪せない名作です。
384475,4.5,いつの時代にみても感動できる素晴らしい作品,いつの時代にみても感動できる素晴らしい作品。これが1950年代の映画なんて！普通にジョーに恋するし、アン王女に萌えるし、笑えるし、泣けるし、胸キュンする。良いシーンがありすぎて語れない。これは聖地巡礼したくなりますね。
694225,5.0,my angel,この映画を見た瞬間一目惚れしました。本当に可愛くて美しくて一瞬にして人の心を掴む大きな魅力を持ってるオードリーを心から尊敬してるし愛してます。😌💜いつまで経ってもどんな事があってもずっとずーーーっとだいすきです。💖
603816,4.5,偉大なる作品,映画の代名詞とも思える作品右肩上がりの物語は色褪せる事のない感動をもたらしてくれます何度でも観たくなる映画です
681265,4.0,そこんじょそこらのハッピーエンドじゃないところが、天邪鬼なうちにぴったり,そこんじょそこらのハッピーエンドじゃないところが、天邪鬼なうちにぴったり
561748,3.0,正直期待外れかも,有名な映画なのでかなり期待して観た割りにラストが微妙でした。後半のブラッドレーがアン王女に恋心を抱きはじめる展開が早いなあと感じました。オードリーヘップバーンの綺麗さには圧倒されました。
678599,3.5,オードリーを知ったきっかけ,この映画でオードリーに出会えてよかった。ジェラート食べたくなる
609477,3.5,おもしろいのだが、ラストが納得できない,世間知らずの王女が起こす、テンポの良いコメディー。おもしろいのだが、ラストが納得できない。説得力のあるストーリーにするべきだ。
22610,4.5,成長,何度も何度も観るうちに、とてつもなく繊細で突飛用紙もなく大胆な映画であることに驚きます　今回はアン王女の心の動きを注意しながら観ていたのですが結局映画全体に引き込まれ目的など忘れてしっかり楽しんでしまいました。　実際に執筆していたダルトン・トランボの作品をもっと観たくなりました。
558641,5.0,最後に彼女は何を感じたのか、,恥ずかしながらつい最近、「ティファニーで朝食を」で初めてオードリー・ヘップバーンの作品を鑑賞したが、案の定、彼女のファンになってしまい、本作を鑑賞。ストーリーは作品解説に書いてある通りだが、身分違いの恋を描くという作風は全て本作が基盤となったのかと思えるほどであった。ストーリー自体がかなりわかりやすく、セリフよりもアクションが多い気がした。本作が日本人にも好かれる名作となった所以はそのストーリーの明瞭さと、ちょっと上品なのにおちゃめな主人公に誰もが愛着を持ってしまうからであろう。その主人公を演じたオードリー・ヘップバーンは見事でこの上なく表情が豊かであった。グレゴリー・ペックもダンディで包容力のある男を上手く演じていた。ラストのシーンにおいて、王女は何を思ったのだろうか。昨日の24時間を後悔はしてないはずであり、むしろ前向きにそして一つ大人へと変化したはずである。彼女は何か決意を固め、そして男も何か胸に秘めたものがあったはずである。24時間の恋模様と、その後の変化を暗示するラストシーンに誰もが心奪われるのである。。
576420,4.0,王女の休日,王女が新聞記者と街に出て、遊んで恋愛をして最終的には王女として戻る選択をしたお話。実際の内容はこれだけなのに、王女の慌てたり真剣な表情などの仕草や、新聞記者とのやりとりに思わず見入ってしまう。ラストは切ないが、穏やかな気持ちになれるので、また見たくなる映画でありました。
633192,4.0,切ない愛,友人の勧めで、DVDを借りて鑑賞。王女と新聞記者が、夢のような１日を過ごす。最初は大金特ダネスクープのために王女に尽くしていたが、いろんな困難を乗り越え、徐々に惹かれていく。しかしそれは抱いてはいけない感情。言葉にさえしてはいけない。そんな切なく、儚い2人の奇跡の愛の話でした。決して結ばれる運命にない2人の話なのでとてつもなく切なく虚しいです。オードリーヘップバーン、超可愛いです。
527417,3.5,切なさ二倍の終盤・・・,午前十時の映画祭にて鑑賞しました。この映画、別れのシーンが二回有ります。ちゃんと言葉を交わせる別れと、他人のふりをしなければならない別れです。特に後者は、笑顔なのに切ない。主演のお二人、流石です。別れのシーン二回で、切なさ倍増です。なのですが、少ししっくりこない所もありました。アン王女がジョーに惹かれるのは、何となく分かります。ただ、ジョーの気持ちの変化が、自分には上手く感じ取れませんでした。叶った願い事が貼られた壁の場面では、少しずつアンに惹かれつつあるのかと思いました。でも、船上パーティーの場面に至っても、躊躇なく隠し撮りに協力してる様に見えました。まだ惹かれていなかったのかと。ラストシーンの哀愁ただようジョーの姿を見る限り、最終的には深い恋愛的な好意を持っていたと思います。しかし、船上パーティーから別れまでに、そこまで愛情が深まるイメージが湧きませんでした。これは、自分の鑑賞スキルの低さ、また恋愛経験の足りなさによるところが大きいかもしれません。なので、切なさが割り引かれました。名シーンの数々や、印象的な台詞はとても素敵でした。この映画をスクリーンで観れて良かったです。
85867,4.0,とても楽しかった,20年位前にレンタルビデオで見て以来だった。『トランボ』を見ていたので、これがトランボが干された時期に偽名でシナリオを書いてアカデミー賞を取った映画なのか～と思いながら見ると、そんなつらい時期にありながら、とても楽しいラブコメであることに何か重みを感じた。　アン王女も記者もそれぞれの立場で誠実で、とても素敵な人物だった。アン王女がソフトクリームのコーンをポイ捨てするのがかわいらしかった。ネタ晴らしで、カメラマンが隠し撮りで使用していたライターを示したのはちょっとダメじゃないかと思った。
496178,5.0,オードリー細い,王女様は窮屈ですね。ローマでのつかの間の1日だけの休日楽しんだんでしょうね。オードリーさん細くて綺麗ファンなりました。他の作品も観たいですね。
558996,4.0,ヘプバーン綺麗,午前１０時の映画祭で映画館で鑑賞。映画館で観ると違う！ヘプバーンはやはり美しい。今観ると古臭いなと感じる部分もあるけど、素晴らしさは俳優２人、特にヘプバーンの魅力による部分が多い気がする。今の銀幕にはいない、まさに「スター」ですね。
541469,5.0,美しい妖精,名シーンの数々を存分に堪能出来る名作中の名作。美しく切ない夢物語で何度見てもアン王女の美しさに見惚れます。オードリー・ヘプバーンはまさに妖精。1953年の作品とは思えない完成度の高さも素晴らしい。一番印象に残ったセリフは「自分の任脈を自覚していなければ、今夜帰ることはなかった。永遠に…」（午前十時の映画祭にて鑑賞）2017-103
496732,4.5,これがラブコメの原点か,名前だけなら誰でも知っている作品だと思うが、何分大昔の白黒映画であるから実際に見たことがある人は意外と少ないのではないか。というわけで自分も「午前十時の映画祭」で初見となったのだが、まさかコメディだとは思わなかった。とにかく文句なしに楽しい映画で、劇場からも笑いが絶えなかった。アン王女は序盤では中学生くらいの美少女に見え、終盤では大人の美女に見えたのは、もちろんそう見えるように演出と演技をしているのでしょうね。
316473,4.5,不朽の名作,Amazon Primeで視聴。不朽の名作。おとぎ話の様な完璧な美しいストーリーと美しい俳優と美しい街並み。この様な完璧な映画は今では作ることが出来ないし、これからも作られることはないだろう。
593488,5.0,No1,名作中の名作！
439537,4.0,名作‼️,名作‼️
191731,4.0,80点,ザ・ラブストーリー。素敵なお話。そら評価高いわ。女王きれかったし、この頃からオン眉すごい！せつないねー年の差どんなもんなんやろ？
571952,4.5,白黒映画へ壁を壊してくれた素晴らしい映画,今迄白黒映画ということで敬遠してましたが超有名なんで重い腰をあげてみました白黒なんて関係ない！とてもすんなり受け入れることができました！ヘップバーンが美しいといわれている理由がわかりました！白黒でも、今から60年以上前でもとても美しかった！見終えたあとは清しいいいい気分になれます！
541039,4.5,感動の名作,モノクロ映画なので、避けてきたところがあるが、見てみたら本当におもしろいし感動する。最後は本当に感動。
554685,4.5,素晴らしい,オードリーが美人！！どの角度、どのシーンにおいても綺麗！！ストーリーも良かった。女王の責任が生まれて駆け落ちしなかったからこそこの話は印象に残ったんだと思う。やはり、安くない！！
339588,4.0,美しすぎてびっくりする。,美しすぎてびっくりする。
211465,3.0,責任の自覚と自立,何度観ても楽しめるし、自分の人生経験によって、この映画の見方が変わるところが面白い。　今回は、これは一人の少女が自立した大人になる話なのだと思った。　一日の出奔の末、大使館に戻ったアン王女は「自分の立場や責任を知っているからこそ、いまここに戻ってきたのだ。」ということを世話係や大使たちに述べる。　これは、王女の自らが大人になったという宣言である。　例え市井の人々であっても、「人生はままならないもの。」であることを、新聞記者との邂逅で知る王女は、自らの生きるべき道を見つける。　それは、周囲のお膳立てに嫌気がさして、不平不満を抱え込んでいたときの彼女ではもはやない。自分の運命を受け入れて、その人生をいかに自分らしく生き抜くかという覚悟を決めた姿である。　翻って、図らずも王女に恋をしてしまった新聞記者は、この叶わぬ恋への未練を引き摺る。彼にできることは、恋慕の情を、終生変わらぬ友情へと変えて、王女の気高さに応えることだけなのだ。　この二人の心情の距離と、それを繋ぐ友情の固さを感じたとき、ラストの記者会見のシークエンスは涙なくしては観ることができない。　オードリー・ヘップバーンが妖精のように可憐であることだけが、この映画の価値ではない。少女が大人の女性になることを真摯に描こうとするシナリオと、それを端的なショットで伝える映像もまた素晴らしい。ヘップバーンに見惚れてばかりいてはもったいない。
485931,4.5,純粋な心。,悲しい、けどやっぱり楽しい！そんな映画ですかね。王女の純粋な心を写した写真の数々、彼らがお金目的として使ってしまっていれば彼女の純粋な心を奪ってしまうと同時に、その写真が秘めている本来の価値観が全く違うものになってしまう…そんな苦渋の決断を見事に晴らしたジョーはやはり彼女の純粋そのもの、ありのままの可愛さに惚れてしまったのだ。階段のシーンと真実の口のシーンがとても印象深い、どれだけの人が同じことをしたのだろう。笑誰が見ても面白い古き良き白黒映画！
311322,4.0,意外とコメディ映画でびっくり！,10数年ぶりに再鑑賞。もっとラブストーリーなイメージだったけど、あれ、意外にもコメディ要素が強くて笑えます！オードリーヘップバーンがむっちゃ可愛いです！デートのシーンが大好き。幾つになっても楽しめる映画ですね♪
305173,4.5,愛するからこそ離れる二人,①スクープをものにするか？二人は恋に落ちるか？というQ&Aで引き込む。②王女は束縛された日々に嫌気が差し自由になりたい。お忍びで自由に街を歩くことができ楽しかった。しかし、公務を放棄したせいで平和な街に住む人々に不安を与えていることを知る。自分の公務が憧れていた生活を支えていたのだ。彼女は気持ちにけじめをつけて王宮へ帰っていく。もうわがままは言わない、その代わり自分の意見を言う。主体性のある姿がそこにはあった。③ブラッドレー記者は、お忍びで街に出たアン王女と同じ時間を過ごしてスクープ写真をものにしたが、破棄してしまった。それはアン王女の苦悩を思ってのこと。彼女の美しい記憶を下世話に汚すことが憚られたためだ。二人は決して結ばれる事がないと解っている。お互いを愛するからこそ駆け落ちするのではなく、愛するからこそ元の鞘に収まったのだ。ブラッドレーは最後、余韻に浸りながら王宮を後にする。王女と過ごした日に未練を感じながら、しかしこれでよかったのだと自分に言い聞かせているかのようだった。
169700,5.0,こんな映画だったとは！,タイトルやスペイン階段、真実の口などがこちらの映画で有名になった？のは知っていましたが、初めてちゃんと見てきゅんと、なってしまった映画です。俳優さんとオードリーヘプバーンさんが画になりすぎ、とっても素敵でした！
458562,4.5,ままならないのが人生というもの,束の間であっても最高の出逢いに感謝だと思います。色あせない名作です。
191087,4.0,恋愛,ほっこり
199539,5.0,演技力,オードリーヘプバーンの凛々しさと少女さを持ち合わせた演技が素晴らしかった。ラストはローマの日々を忘れていない王女に切なさと感動があった。
262503,4.0,名作,オードリー・ヘプバーン綺麗すぎて見惚れてしまう。王女アンが脱走して初めて自由に過ごす、休日。きっとすべてが新鮮なんだろうなぁ。はしゃいでる姿すごくかわいい。一晩で終わってしまう恋。儚い夢。王女はきっとこれから大人になっていく。
368442,5.0,素敵な映画,オードリー・ヘプバーンがとにかく可愛い！ローマの名所もたくさん出てきて、白黒なのが惜しい。髪を切るシーンが好き。
223052,3.5,これがローマの休日か！,名シーンと言われるところはテレビで見て知っていたので、それが全て出てきて感動しました。そして、オードリー・ヘプバーンが美人すぎて本当に驚きました（笑）最後、周りに分からないように確かめ合うシーンが素敵ですね。あの写真を支えに王女はのちの日々を過ごしたのでしょうね…
419779,4.0,可愛すぎのオードリー,オードリーは、これ一作で永遠に不滅です
356884,5.0,可愛い綺麗美しい,オードリー・ヘプバーンが綺麗すぎる。ストーリーも微笑ましくどこか凛としていて見てよかった。
285393,4.0,ロマンチックな映画だ。,やはり多くの人に見られる理由がある映画だなと思いました。すごく世界観というのを大事にしているなぁと思ったし、その世界観に最初から最後まで引き込まれて観ることができました。映像が白黒なので、本当にロマンチックな夢の中を映像化したものを見ているような感覚になりました。まず王女との1日だけの切ない恋というその設定からしてなんとも言えないくらい夢があるなと思いながら観ていました。あとオードリー・ヘップバーン確かにきれいでした。
302806,5.0,Roman Holiday,すっごく素敵！終始素敵！オードリーが可愛くて可憐で凛としていて上品でそれでいて茶目っ気もあってもう魅力たっぷり！！グレゴリーもハンサムでなんてジェントルマン！有名な真実の口のシーンはもちろん、今日はwork out！一緒に好きなことをして遊ぼうって言うシーンも大好き〜！学校が〜とかの辺りのやりとりも好き！ロングヘアもショートヘアもとっても似合っててかわいい〜！服装もとってもかわいい！何もかもが全く褪せない名作です！最後の会見のシーンは、なんだか一段と凛としていて、アン王女の成長が伺える！案に秘密にしておくと伝えるのも、友達がアン王女に写真を渡したのも、いいな〜！
264842,4.5,8年ぶりに再鑑賞、より面白さを感じた,(2023/7/28)数年ぶりに観る。一度観た映画をもう一度見るよりも、新しい映画を見ることを求める時期を経て、同じ映画を何回も見返す、ということの良さにも気づく時期がある。最近は、そっちの方が、いろいろと受け取るものが多いように思う。あと、人間の記憶力ってほんと曖昧なんだとその都度思わされる。初見かのような感じ方をすることが多いから。ローマの街並みローマを訪れる前と後では、また感じ方も全然違って楽しかった----------------------------------------(2015/11/5)ラストの終わり方が何とも腹八分目！このあと2人のストーリーがまだ展開していくと思ってたのに、記者会見で挨拶して終わりだなんて！まあ、それが、美しいのかな！？全部見せないのが美しいのかな！？まだ欲しい！ってなるのかな！オードリー・ヘップバーンは綺麗だね〜〜ほんと華奢で可愛らしい。アパートに着いて眠りながら階段で手を引いてもらうシーンは笑った。ちょいちょいそーゆーコメディー要素があって面白かった。
360334,4.0,素敵！,オードリーがすごくかわいい！！中盤は微笑みが止まらないが、最後は涙〜。
357251,5.0,何度観ても褪せることなかに胸がときめく最高にファンタスティックでロ...,何度観ても褪せることなかに胸がときめく最高にファンタスティックでロマンチックな映画。ローマにもオードリーにも魅了されます。もちろんグレゴリーも素敵です！
323460,4.0,スクリーンで観たかった！,白黒の味わいと、オードリーがコロコロと魅せる表情に惹きつけられました。なんて魅力的なのだろう。スクリーンで観れる機会があったら是非観たいです。また観よう。
321751,4.0,ヘップバーンキレイすぎ,良かった！俺ももしローマ行ったらスペイン広場でジェラート食べたい。真実の口もやりたい！そして何と言ってもオードリーヘップバーンがキレイ！ファッションもめっちゃかわいいし完璧やな。字幕で観たけどところどころ字幕出ないのが気になりました。
166231,5.0,Step Outは、次の飛躍の基盤となる,"「MOVIXさいたま」では、「午前十時の映画祭 何度見てもすごい50本」という名で、昔の洋画を1000円で、週替わりで年50本を再上映しています。本日は、1953年制作オードリー・ヘップバーンとグレゴリー・ペッグの「ローマの休日」を観てきました。（なんと老若男女で満員御礼でした）1953年米国アカデミーでは、オードリー・ヘップバーンは最優秀主演女優賞を受賞しています。（無名の新人は、一躍有名となりました）日本での公開は、翌1954年です。私は、1957年生まれですから、中学生の時に、母親と一緒に観たのは、再上映だったんです。。。有名な「真実の口」のシーンは、グレゴリー・ペッグのアドリブでしたので、あの驚きは、ヘップバーンの素だったのです。大学4年の初めに、「主席卒業」がほぼ確実と判明した時、母親がお祝いにと""Vespa""を買ってくれました。よく乗り回したものでした。何回も何回も観れば観るほど、多くの場面で涙がこぼれてしまいます。。。素晴らしい映画です。。。最後に記者達に挨拶するアン女王は、「おとな」に成長していました。たった一日でも、多くの事を学び、そして苦しんだから。。。「人間は、時にstep outしてしまいますが、それは次の飛躍の基礎となる」こんな事を、今日観に来た若い人達に感じてもらいたいと思いました。河合［PS］私の中でのベスト3は、1. Mary Poppins (1964)2. The Sound of Music (1965)3. Roman Holiday (1953)です。"
310530,3.0,そんなに,そこまでなのか、よくわからなかった。
187288,5.0,文句なしの名作！,オードリーの美しさに、2人のせつない恋に、この先も何度も観てしまうであろう作品。大きなスクリーンで観たら、また格別です！
245022,5.0,最高！,一度でイイからスクリーンで観たかった、その夢がかないました。スクリーンでみるオードリーも最高にキュート。
28407,5.0,日常と非日常の狭間で。,図書館の鑑賞会にて鑑賞。映画館よりも観客の層が広いように感じました（とはいえ、若干年齢高目）。80は超えていると思しき観客の女性が、笑ったり、声を漏らしたり。それだけでも、かなり微笑ましかった。作品、もちろん鑑賞済みでしたが、改めて、ホント良くできてますよね。基本コメディだけど、義務とロマンスに揺れるアーニャ、最高にキュート。こりゃローマに行きたくなる訳だ。
207767,4.5,ラブロマンスの本瑞,アミュー厚木で6/21に見ました。大スクリーンで見ることができて、改めて本当に素晴らしい作品であることを実感しました。オードリー・ヘップバーンは綺麗だし、グレゴリー・ペックもかっこ良かったです。色褪せない良い映画でした。
117658,5.0,美しい,数年ぶりに、長女(小5)とみました。オードリー・ヘップバーンとグレゴリー・ペック、美しすぎます。ストーリーは単純明快、子供にも理解できたようです。ラストの切ない感じはちょっと小学生には伝わらなかったかもしれません…久しぶりに心が洗われた気分。英語のレベルもさほど高くなく、字幕なしで理解できる数少ない映画の１つです。
174925,5.0,不朽の名作,オードリーが演じるヒロインの心は本当に子供のように澄んでいて、魅力的✨何度観ても絶対に飽きない！理想の休日
84149,4.5,オードリーの可憐さ,総合：90点ストーリー： 80キャスト： 95演出： 80ビジュアル： 65音楽： 65　オードリー・ヘプバーンの映画は10作品以上見ているが、中でもこの彼女の初主演作品は個人的に最高傑作。名前は知っていても世代も違うしそれほど興味もなかったオードリーだが、この作品で彼女が好きになった。　作品中で見せる彼女の若く新鮮で爽やかな笑顔が実に可愛らしく、毎日続く義務に疲れて大使館を抜け出し庶民がするように街を探索する純粋な王女役を、実に可憐に演じていた。王女として義務を果たしている時の感情を押し殺した彼女と、街を歩きながら自然な感情を素直に出している時の彼女の対比によって、彼女が初めて体験する庶民の生活を心から楽しんでいる姿がさらにはっきりと描き出されている。ローマの観光名所をいくつも網羅することで、こちらもローマ観光を楽しんでいるように思わせる。わずか一日という限られた時間ながら、たくさんの忘れられない経験をすることが出来た。惜しむらくは美しい街並みをはっきりと表現することが出来ない白黒の映像である。　そしてグレゴリー・ペックとオードリー・ヘプバーンの、短いながら真実の心の通い合いがまた純粋で心に染み入る。だから最後の場面で、立場の違いによって出来るどうしようもないやるせなさと寂しさが余韻となってそこに残った。　有名な真実の口の場面で、グレゴリー・ペックが手を噛まれたふりをしてヘプバーンを騙すのは彼の即興らしく、だからヘプバーンの驚きの感情も自然。
17808,5.0,ヘップバーンの魅力満載の名作,今日、この名作を見直した際に、アン王女と新聞記者との関係は、宮崎駿監督の名作アニメ【ルパン三世 カリオストロの城】のルパンとクラリスのキャラクター設定にも影響を与えているのでは？と、感じました。若き日のヘップバーンの魅力満載の作品。白黒映画なのに、その魅力は今だ何ら色褪せていない、まさに永遠の名作だ。
20620,5.0,言葉にならない,今回この作品を生まれて初めて映画館のスクリーンで見て言葉にならない程感動しました。とにかく大好きな作品で何回見たか分からないけど、今までは全てDVDでの鑑賞だったので劇場のスクリーンで動く『ｱﾝ王女』に大感激です。この機会をもうけてくれた『午前10時の映画祭』にひたすら感謝です。
14770,4.5,切ない余韻が最高,最近「ティファニーで朝食を」、「麗しのサブリナ」を観たが、やはり「ローマの休日」には敵わないと感じた。「ティファニーで朝食を」はドラマ性はあるがストーリーや全体のまとめ方がややイマイチだし、「麗しのサブリナ」はまとめ方はいいがインパクトやドラマ性がいまいち物足りない。「ローマの休日」は、話のまとめ方、インパクトやドラマ性どれもすばらしい。不足がない。不朽の名作と名高い作品だから、いくらか先入観があるかもしれない。しかし、すばらしいと言う他ないのだ。オードリーはなんて王女役が似合うのだろう。「ティファニーで朝食を」の小悪魔でつかみどころのない役、「麗しのサブリナ」のお洒落な恋する娘役・・・どのオードリーもすばらしく魅力的だけど、私は王女役のオードリーが１番好きだ。意志の強そうな眼差し、溢れる気品、オーラ、人を自然と引き付ける愛らしさ。汚れのない初々しさ。茶目っ気。いつまでも色あせない奇跡の存在だ。この人の作品なら、いくらでも見ていたい。愛らしく美しい姿をいつまでも眺めていたい。そう思わせる唯一無二の女優である。話は難しいことは一切考えなくていい。軽～い気持ちで観ることができる。非常に爽快で、ところどころにクスッとした笑いがある。王女の庶民の勝手がわからない危うさがとても可愛らしい。王女は次は何をしでかすのだろう？ワクワクしながら物語は進む。白黒映画は苦手だけど（退屈に感じてしまいやすい）、この映画は別格だ。何度でも観たくなる。飽きさせない。１番好きなシーンは王女の冒険シーンではなく、その後の記者会見のところ。王女と記者の間にある目に見えない想い。隔たれた距離。間や表情で想いを表現し、なんともいえない余韻や切なさを観る者に与えている。ただのどたばたラブコメで終わらせないところが、この映画の作品の質を高め、名作たらしめていると思う。「この地の素晴らしい思い出を生涯忘れない」王女のこの言葉にジーンときた。王女の定めとして庶民のような自由は許されない。一日限りの夢のような時間。きっと王女と新聞記者はこの先ずっと、夢のような一日を忘れずに生きていくのだろう。他の人と恋をして、結婚しても、色あせることなく。オードリーのウエストの細さに注目。また、最初のほうに王女が着ていたドレスも小さなリボンがついていてとても可愛らしい。
6987,5.0,５０年を経ても色あせない名作。,名女優オードリー・ヘップバーンと名男優グレゴリー・ペック共演の名作中の名作。映画ファンを自称するなら絶対に一度は観るべき作品だと思います。ローマに訪れた小国の王女アンは、王女としての生活に嫌気がさして大使館を抜け出します。そこで、たまたま通りがかった新聞記者に付いていくことになるんですが･･･。アン王女と新聞記者のほんのひとときの「休日」。50年以上前の作品にも関わらず、輝きを失わないというのは本当に凄いことです。作中の数々のエピソード。悩んだ結果、元の生活に戻る２人。そして、切ないラストシーン。素晴らしい名作です。
2123,4.5,脱ぐのを手伝ってくださる?,映画「ローマの休日」(ウィリアム・ワイラー監督)から。オードリー・ヘプバーン扮する、アン王女が酔ってベンチで寝込む。そこを、グレゴリー・ペック扮する、新聞記者に助け起こされ、彼の部屋で、着替え始めるシーン。酔っているとはいえ、この台詞は、私にはたまらなかった。(汗)脱ぐのを「手伝って」ではなく「手伝ってくださる?」。ここに、王女らしい言葉の響きがある気がした。他にも「この詩をご存知?」「私もいただける?」「もう、下がってよろしい」「なんという幸せ」・・どんな台詞を口にしようと、このラブロマンスを思い出せる。王女の「楽しくってワクワクすること」が、カフェのテラス席に座ることだったり、ウィンドウを眺め、雨の中を歩くことだったりするが、「ありふれているわね」と自分で納得するシーンも好きだな。しかし、今の時代でも、カフェのテラス席に座ることや、雨の中を歩くことは、けっしてありふれてはいない。寒いから・・とテラス席には座らず、店内の席に腰掛け、濡れると困るから、と雨の中を歩くことさえしない。だから、今でも「楽しくってワクワクすること」かもしれない。1953年の制作映画(55年以上前)が、こんなに新鮮なのは、今も、人間の本質は変わってないってことではないだろうか。ラストシーン、２人とも大人だなぁ・・と呟いてメモを閉じた。(笑)
1500,4.5,ローマの休日,"ラスト１０分、記者会見のシーン。ＤＶＤをぐるんぐるん回転させて、連続３回見ましたよ。うわー、切ないよ。音楽、言葉にこれほどまで頼らないで、表情と間だけで感じさせる役者（と映画）って今はないよなー。タイトルの「holiday」、深すぎ。最後、グレゴリー・ペッグが決して振り返ることなく立ち去りながら、画面に描かれる""The end""。一瞬の静寂。ＤＶＤがメニュー画面に戻っても、しばらく放心状態。ああー、まいりました。"
